Carabus_serratus-Btray-Y2018-NEON.BET.D09.003068-NEON.BET.D09.003900                                           => True: 13 , DINO: 13 , Check?: 0, Merge?: 0
Pterostichus_tristis-Atray-Y2023-NEON.BET.D01.009113-NEON.BET.D01.009654                                       => True: 76 , DINO: 76 , Check?: 0, Merge?: 0
Pterostichus_permundus-Btray-Y2021-NEON.BET.D02.010685-NEON.BET.D02.010876                                     => True: 23 , DINO: 23 , Check?: 0, Merge?: 0
Galerita_bicolor-Atray-Y2021-NEON.BET.D02.010049-NEON.BET.D02.011739                                           => True: 25 , DINO: 25 , Check?: 0, Merge?: 0
Sphaeroderus_canadensis-Btray-Y2021-NEON.BET.D01.006860-NEON.BET.D01.006900                                    => True: 25 , DINO: 25 , Check?: 0, Merge?: 0
Pasimachus_elongatus-Atray-Y2019-NEON.BET.D09.005110-NEON.BET.D09.005291                                       => True: 30 , DINO: 30 , Check?: 0, Merge?: 0
Calosoma_peregrinator-Btray-Y2021-NEON.BET.D14.001771-NEON.BET.D14.001811                                      => True: 12 , DINO: 12 , Check?: 0, Merge?: 0
Cyclotrachelus_fucatus-Btray-Y2018-NEON.BET.D07.003398-NEON.BET.D07.005282                                     => True: 31 , DINO: 31 , Check?: 0, Merge?: 0
Amara_quenseli-Atray-Y2018-NEON.BET.D15.000560-NEON.BET.D15.000812                                             => True: 77 , DINO: 77 , Check?: 0, Merge?: 0
Synuchus_impunctatus-Atray-Y2020-NEON.BET.D05.007258-NEON.BET.D05.007341                                       => True: 70 , DINO: 70 , Check?: 0, Merge?: 0
Calosoma_calidum-Btray-Y2023-NEON.BET.D09.009819-NEON.BET.D09.009926                                           => True: 18 , DINO: 18 , Check?: 0, Merge?: 0
Pasimachus_californicus-Atray-Y2019-NEON.BET.D11.001730-NEON.BET.D11.001756                                    => True: 20 , DINO: 20 , Check?: 0, Merge?: 0
Chlaenius_aestivus-Atray-Y2022-NEON.BET.D02.002930-NEON.BET.D02.13253                                          => True: 72 , DINO: 72 , Check?: 0, Merge?: 0
Pasimachus_californicus-Atray-Y2022-NEON.BET.D06.008299-NEON.BET.D06.008400                                    => True: 25 , DINO: 25 , Check?: 0, Merge?: 0
Cymindis_punctigera-Btray-Y2018-NEON.BET.D14.000770-NEON.BET.D14.000796                                        => True: 13 , DINO: 13 , Check?: 0, Merge?: 0
Pterostichus_coracinus-Btray-Y2019-NEON.BET.D07.007888-NEON.BET.D07.008160                                     => True: 13 , DINO: 13 , Check?: 0, Merge?: 0
Pasimachus_punctulatus-Atray-Y2019-NEON.BET.D07.006580-NEON.BET.D07.006896                                     => True: 19 , DINO: 19 , Check?: 0, Merge?: 0
Scaphinotus_angusticollis-Atray-Y2018-NEON.BET.D16.001169-NEON.BET.D16.001882                                  => True: 42 , DINO: 42 , Check?: 0, Merge?: 0
Carabus_truncaticollis-Atray-Y2021-NEON.BET.D18.002723-NEON.BET.D18.002800                                     => True: 50 , DINO: 50 , Check?: 0, Merge?: 0
Poecilus_lucublandus-Btray-Y2021-NEON.BET.D09.006755-NEON.BET.D09.007548                                       => True: 29 , DINO: 29 , Check?: 0, Merge?: 0
Pasimachus_californicus-Atray-Y2019-NEON.BET.D06.004564-NEON.BET.D06.004633                                    => True: 20 , DINO: 20 , Check?: 0, Merge?: 0
Pterostichus_lachrymosus-Atray-Y2019-NEON.BET.D07.006467-NEON.BET.D07.006767                                   => True: 44 , DINO: 44 , Check?: 0, Merge?: 0
Harpalus_vagans-Btray-Y2019-NEON.BET.D08.002709-NEON.BET.D08.003009                                            => True: 13 , DINO: 13 , Check?: 0, Merge?: 0
Cyclotrachelus_sigillatus-Atray-Y2022-NEON.BET.D07.012733-NEON.BET.D07.013112                                  => True: 53 , DINO: 53 , Check?: 0, Merge?: 0
Amara_carinata-Atray-Y2018-NEON.BET.D10.008114-NEON.BET.D10.009360                                             => True: 46 , DINO: 46 , Check?: 0, Merge?: 0
Chlaenius_aestivus-Atray-Y2018-NEON.BET.D02.006584-NEON.BET.D02.006753                                         => True: 38 , DINO: 38 , Check?: 0, Merge?: 0
Chlaenius_tomentosus-Btray-Y2015-NEON.BET.D10.004591-NEON.BET.D10.004845                                       => True: 25 , DINO: 25 , Check?: 0, Merge?: 0
Pasimachus_elongatus-Atray-Y2015-NEON.BET.D06.000726-NEON.BET.D06.000918                                       => True: 34 , DINO: 34 , Check?: 0, Merge?: 0
Harpalus_spadiceus-Btray-Y2021-NEON.BET.D07.008216-NEON.BET.D07.011758                                         => True: 30 , DINO: 30 , Check?: 0, Merge?: 0
Pterostichus_ordinarius-Atray-Y2018-NEON.BET.D17.000554-NEON.BET.D17.000766                                    => True: 63 , DINO: 63 , Check?: 0, Merge?: 0
Calosoma_scrutator-Btray-Y2019-NEON.BET.D11.001438-NEON.BET.D11.001442                                         => True: 5  , DINO: 5  , Check?: 0, Merge?: 0
Scaphinotus_angusticollis-Btray-Y2021-NEON.BET.D16.003657-NEON.BET.D16.003866                                  => True: 12 , DINO: 12 , Check?: 0, Merge?: 0
Synuchus_impunctatus-Atray-Y2020-NEON.BET.D05.007505-NEON.BET.D05.007588                                       => True: N/A, DINO: 64 , Check?: 0, Merge?: 0
Scarites_vicinus-Btray-Y2022-NEON.BET.D06.008046-NEON.BET.D06.009034                                           => True: 18 , DINO: 18 , Check?: 0, Merge?: 0
Pasimachus_punctulatus-Atray-Y2020-NEON.BET.D07.009013-NEON.BET.D07.009220                                     => True: N/A, DINO: 19 , Check?: 0, Merge?: 0
Poecilus_chalcites-Btray-Y2022-NEON.BET.D06.008053-NEON.BET.D06.008821                                         => True: 40 , DINO: 40 , Check?: 0, Merge?: 0
Cratacanthus_dubius-Atray-Y2019-NEON.BET.D10.010380-NEON.BET.D10.012108                                        => True: 77 , DINO: 77 , Check?: 0, Merge?: 0
Harpalus_desertus-Btray-Y2019-NEON.BET.D10.010337-NEON.BET.D10.012147                                          => True: 31 , DINO: 31 , Check?: 0, Merge?: 0
Anisodactylus_carbonarius-Btray-Y2020-NEON.BET.D10.012952-NEON.BET.D10.013202                                  => True: 12 , DINO: 12 , Check?: 0, Merge?: 0
Brachinus_alternans-Atray-Y2019-NEON.BET.D06.004242-NEON.BET.D06.005683                                        => True: 24 , DINO: 24 , Check?: 0, Merge?: 0
Piosoma_setosum-Atray-Y2023-NEON.BET.D10.016965-NEON.BET.D10.017408                                            => True: N/A, DINO: 53 , Check?: 0, Merge?: 0
Harpalus_amputatus-Btray-Y2014-NEON.BET.D10.002190-NEON.BET.D10.002394                                         => True: N/A, DINO: 18 , Check?: 0, Merge?: 0
Cyclotrachelus_deceptus-Btray-Y2019-NEON.BET.D06.004517-NEON.BET.D06.005185                                    => True: 12 , DINO: 12 , Check?: 0, Merge?: 0
Pasimachus_elongatus-Atray-Y2019-NEON.BET.D06.004841-NEON.BET.D06.005070                                       => True: 28 , DINO: 28 , Check?: 0, Merge?: 0
Carabus_goryi-Atray-Y2021-NEON.BET.D07.011405-NEON.BET.D07.011750                                              => True: 50 , DINO: 50 , Check?: 0, Merge?: 0
Amara_californica-Atray-Y2019-NEON.BET.D17.000967-NEON.BET.D17.001078                                          => True: 48 , DINO: 48 , Check?: 0, Merge?: 0
Cyclotrachelus_torvus-Atray-Y2018-NEON.BET.D10.008109-NEON.BET.D10.009065                                      => True: 51 , DINO: 51 , Check?: 0, Merge?: 0
Cymindis_cribricollis-Btray-Y2020-NEON.BET.D01.005939-NEON.BET.D01.006188                                      => True: 27 , DINO: 27 , Check?: 0, Merge?: 0
Carabus_sylvosus-Btray-Y2019-NEON.BET.D07.006307-NEON.BET.D07.006549                                           => True: 12 , DINO: 12 , Check?: 0, Merge?: 0
Pterostichus_rostratus-Atray-Y2018-NEON.BET.D01.003218-NEON.BET.D01.004176                                     => True: 43 , DINO: 43 , Check?: 0, Merge?: 0
Omus_californicus-Atray-Y2018-NEON.BET.D17.000480-NEON.BET.D17.000832                                          => True: 28 , DINO: 28 , Check?: 0, Merge?: 0
Pasimachus_californicus-Atray-Y2018-NEON.BET.D11.001065-NEON.BET.D11.001251                                    => True: 16 , DINO: 16 , Check?: 0, Merge?: 0
Cyclotrachelus_torvus-Btray-Y2018-NEON.BET.D09.004099-NEON.BET.D09.004152                                      => True: 30 , DINO: 30 , Check?: 0, Merge?: 0
Myas_coracinus-Btray-Y2022-NEON.BET.D07.012816-NEON.BET.D07.013546                                             => True: 15 , DINO: 15 , Check?: 0, Merge?: 0
Pterostichus_coracinus-Atray-Y2018-NEON.BET.D07.003739-NEON.BET.D07.005399                                     => True: 26 , DINO: 26 , Check?: 0, Merge?: 0
Pterostichus_protractus-Atray-Y2019-NEON.BET.D12.000691-NEON.BET.D12.001350                                    => True: 30 , DINO: 30 , Check?: 0, Merge?: 0
Anisodactylus_ovularis-Btray-Y2022-NEON.BET.D06.008058-NEON.BET.D06.008832                                     => True: 13 , DINO: 13 , Check?: 0, Merge?: 0
Carabus_taedatus-Atray-Y2023-NEON.BET.D12.001619-NEON.BET.D12.001639                                           => True: 21 , DINO: 21 , Check?: 0, Merge?: 0
Cicindela_punctulata-Btray-Y2018-NEON.BET.D06.003886-NEON.BET.D06.004101                                       => True: 14 , DINO: 14 , Check?: 0, Merge?: 0
Pterostichus_acutipes-Atray-Y2019-NEON.BET.D07.006688-NEON.BET.D07.007850                                      => True: 50 , DINO: 50 , Check?: 0, Merge?: 0
Amara_aurata-Btray-Y2019-NEON.BET.D17.000875-NEON.BET.D17.001110                                               => True: N/A, DINO: 13 , Check?: 0, Merge?: 0
Pterostichus_coracinus-Btray-Y2018-NEON.BET.D02.006017-NEON.BET.D02.006030                                     => True: 14 , DINO: 14 , Check?: 0, Merge?: 0
Harpalus_paratus-Btray-Y2019-NEON.BET.D06.004616-NEON.BET.D06.006028                                           => True: 13 , DINO: 13 , Check?: 0, Merge?: 0
Pterostichus_coracinus-Btray-Y2020-NEON.BET.D02.009530-NEON.BET.D02.009580                                     => True: N/A, DINO: 18 , Check?: 0, Merge?: 0
Pterostichus_stygicus-Btray-Y2023-NEON.BET.D02.13763-NEON.BET.D02.14483                                        => True: 26 , DINO: 26 , Check?: 0, Merge?: 0
Pasimachus_elongatus-Atray-Y2014-NEON.BET.D10.000947-NEON.BET.D10.001715                                       => True: 40 , DINO: 40 , Check?: 0, Merge?: 0
Calosoma_calidum-Btray-Y2018-NEON.BET.D12.000012-NEON.BET.D12.000624                                           => True: 12 , DINO: 12 , Check?: 0, Merge?: 0
Pterostichus_protractus-Btray-Y2023-NEON.BET.D10.016957-NEON.BET.D10.017157                                    => True: 13 , DINO: 13 , Check?: 0, Merge?: 0
Pasimachus_elongatus-Atray-Y2019-NEON.BET.D09.005329-NEON.BET.D09.005583                                       => True: 23 , DINO: 23 , Check?: 0, Merge?: 0
Sphaeroderus_stenostomus-Atray-Y2022-NEON.BET.D07.011995-NEON.BET.D07.013734                                   => True: 61 , DINO: 61 , Check?: 0, Merge?: 0
Stereocerus_rubripes-Btray-Y2019-NEON.BET.D18.001244-NEON.BET.D18.001798                                       => True: 9  , DINO: 9  , Check?: 0, Merge?: 0
Pterostichus_pensylvanicus-Btray-Y2020-NEON.BET.D05.006829-NEON.BET.D05.007502                                 => True: 32 , DINO: 32 , Check?: 0, Merge?: 0
Synuchus_impunctatus-Atray-Y2018-NEON.BET.D05.004428-NEON.BET.D05.004506                                       => True: 63 , DINO: 63 , Check?: 0, Merge?: 0
Sphaeroderus_canadensis-Btray-Y2023-NEON.BET.D01.009508-NEON.BET.D01.009809                                    => True: 25 , DINO: 25 , Check?: 0, Merge?: 0
Pasimachus_elongatus-Atray-Y2020-NEON.BET.D10.009900-NEON.BET.D10.013266                                       => True: 29 , DINO: 29 , Check?: 0, Merge?: 0
Harpalus_somnulentus-Atray-Y2020-NEON.BET.D09.005741-NEON.BET.D09.006703                                       => True: 30 , DINO: 30 , Check?: 0, Merge?: 0
Sphaeroderus_canadensis-Atray-Y2022-NEON.BET.D01.008045-NEON.BET.D01.009075                                    => True: 38 , DINO: 38 , Check?: 0, Merge?: 0
Pterostichus_atratus-Btray-Y2018-NEON.BET.D08.001961-NEON.BET.D08.002536                                       => True: 16 , DINO: 17 , Check?: 0, Merge?: 1
Pterostichus_lama-Atray-Y2022-NEON.BET.D17.002370-NEON.BET.D17.002787                                          => True: 31 , DINO: 31 , Check?: 0, Merge?: 0
Cyclotrachelus_faber-Btray-Y2022-NEON.BET.D03.004086-NEON.BET.D03.004112                                       => True: 28 , DINO: 28 , Check?: 0, Merge?: 0
Pasimachus_elongatus-Atray-Y2022-NEON.BET.D10.016297-NEON.BET.D10.016501                                       => True: 35 , DINO: 35 , Check?: 0, Merge?: 0
Cyclotrachelus_convivus-Atray-Y2018-NEON.BET.D08.002159-NEON.BET.D08.002541                                    => True: 29 , DINO: 29 , Check?: 0, Merge?: 0
Cyclotrachelus_seximpressus-Btray-Y2019-NEON.BET.D06.005361-NEON.BET.D06.006024                                => True: 19 , DINO: 19 , Check?: 0, Merge?: 0
Sphaeroderus_stenostomus-Btray-Y2023-NEON.BET.D07.014294-NEON.BET.D07.014934                                   => True: N/A, DINO: 26 , Check?: 0, Merge?: 0
Pasimachus_punctulatus-Atray-Y2018-NEON.BET.D07.003484-NEON.BET.D07.005604                                     => True: 19 , DINO: 19 , Check?: 0, Merge?: 0
Dicaelus_dilatatus-Btray-Y2018-NEON.BET.D02.006283-NEON.BET.D02.006307                                         => True: 20 , DINO: 20 , Check?: 0, Merge?: 0
Pasimachus_californicus-Atray-Y2019-NEON.BET.D06.004696-NEON.BET.D06.004735                                    => True: 20 , DINO: 20 , Check?: 0, Merge?: 0
Myas_cyanescens-Btray-Y2021-NEON.BET.D07.009947-NEON.BET.D07.011706                                            => True: 15 , DINO: 15 , Check?: 0, Merge?: 0
Pterostichus_acutipes-Atray-Y2018-NEON.BET.D07.003769-NEON.BET.D07.005199                                      => True: N/A, DINO: 56 , Check?: 0, Merge?: 0
Calosoma_affine-Btray-Y2014-NEON.BET.D10.001032-NEON.BET.D10.002551                                            => True: 18 , DINO: 18 , Check?: 0, Merge?: 0
Pasimachus_sublaevis-Btray-Y2018-NEON.BET.D03.001894-NEON.BET.D03.001909                                       => True: 12 , DINO: 12 , Check?: 0, Merge?: 0
Scaphinotus_angusticollis-Atray-Y2019-NEON.BET.D16.002586-NEON.BET.D16.002655                                  => True: 30 , DINO: 30 , Check?: 0, Merge?: 0
Pterostichus_rostratus-Atray-Y2021-NEON.BET.D01.006912-NEON.BET.D01.006982                                     => True: 62 , DINO: 62 , Check?: 0, Merge?: 0
Chlaenius_emarginatus-Btray-Y2018-NEON.BET.D02.006392-NEON.BET.D02.006756                                      => True: N/A, DINO: 27 , Check?: 0, Merge?: 0
Pterostichus_stygicus-Atray-Y2019-NEON.BET.D02.007302-NEON.BET.D02.009047                                      => True: 35 , DINO: 35 , Check?: 0, Merge?: 0
Pterostichus_permundus-Btray-Y2018-NEON.BET.D02.005907-NEON.BET.D02.007175                                     => True: 17 , DINO: 17 , Check?: 0, Merge?: 0
Pterostichus_lachrymosus-Atray-Y2018-NEON.BET.D07.003284-NEON.BET.D07.004677                                   => True: 42 , DINO: 42 , Check?: 0, Merge?: 0
Cyclotrachelus_fucatus-Atray-Y2017-NEON.BET.D07.000181-NEON.BET.D07.002619                                     => True: 42 , DINO: 42 , Check?: 0, Merge?: 0
Cylindera_unipunctata-Btray-Y2019-NEON.BET.D07.006216-NEON.BET.D07.007160                                      => True: 26 , DINO: 26 , Check?: 0, Merge?: 0
Sphaeroderus_stenostomus-Atray-Y2022-NEON.BET.D07.012000-NEON.BET.D07.013909                                   => True: N/A, DINO: 32 , Check?: 0, Merge?: 0
Cyclotrachelus_faber-Atray-Y2019-NEON.BET.D03.002240-NEON.BET.D03.002716                                       => True: 46 , DINO: 46 , Check?: 0, Merge?: 0
Anisodactylus_haplomus-Atray-Y2019-NEON.BET.D03.002154-NEON.BET.D03.002418                                     => True: 56 , DINO: 56 , Check?: 0, Merge?: 0
Calosoma_affine-Btray-Y2019-NEON.BET.D06.006085-NEON.BET.D06.006122                                            => True: 12 , DINO: 12 , Check?: 0, Merge?: 0
Pterostichus_stygicus-Atray-Y2022-NEON.BET.D02.011897-NEON.BET.D02.13372                                       => True: 40 , DINO: 40 , Check?: 0, Merge?: 0
Calosoma_affine-Atray-Y2019-NEON.BET.D06.005264-NEON.BET.D06.005687                                            => True: 38 , DINO: 38 , Check?: 0, Merge?: 0
Amara_aenea-Btray-Y2018-NEON.BET.D02.006188-NEON.BET.D02.006219                                                => True: 20 , DINO: 20 , Check?: 0, Merge?: 0
Cyclotrachelus_furtivus-Atray-Y2019-NEON.BET.D02.007413-NEON.BET.D02.007520                                    => True: 56 , DINO: 56 , Check?: 0, Merge?: 0
Cyclotrachelus_fucatus-Atray-Y2019-NEON.BET.D07.005666-NEON.BET.D07.006323                                     => True: 70 , DINO: 70 , Check?: 0, Merge?: 0
Pterostichus_melanarius-Btray-Y2019-NEON.BET.D05.005589-NEON.BET.D05.005601                                    => True: 12 , DINO: 12 , Check?: 0, Merge?: 0
Scaphinotus_angusticollis-Btray-Y2019-NEON.BET.D16.003904-NEON.BET.D16.003164                                  => True: 9  , DINO: 9  , Check?: 0, Merge?: 0
Pterostichus_ordinarius-Atray-Y2021-NEON.BET.D17.002361-NEON.BET.D17.002452                                    => True: 24 , DINO: 24 , Check?: 0, Merge?: 0
Cicindela_punctulata-Btray-Y2022-NEON.BET.D06.008137-NEON.BET.D06.008824                                       => True: 13 , DINO: 13 , Check?: 0, Merge?: 0
Carabus_goryi-Atray-Y2022-NEON.BET.D07.012129-NEON.BET.D07.012422                                              => True: 46 , DINO: 46 , Check?: 0, Merge?: 0
Pterostichus_mutus-Atray-Y2019-NEON.BET.D02.008838-NEON.BET.D02.008856                                         => True: 13 , DINO: 13 , Check?: 0, Merge?: 0
Calathus_opaculus-Btray-Y2018-NEON.BET.D06.003536-NEON.BET.D06.003585                                          => True: N/A, DINO: 24 , Check?: 0, Merge?: 0
Harpalus_desertus-Atray-Y2018-NEON.BET.D10.007010-NEON.BET.D10.0009521                                         => True: 40 , DINO: 40 , Check?: 0, Merge?: 0
Amara_aenea-Btray-Y2021-NEON.BET.D02.010171-NEON.BET.D02.010197                                                => True: 23 , DINO: 23 , Check?: 0, Merge?: 0
Pterostichus_coracinus-Atray-Y2019-NEON.BET.D05.005302-NEON.BET.D05.006132                                     => True: 48 , DINO: 48 , Check?: 0, Merge?: 0
Pasimachus_sublaevis-Atray-Y2019-NEON.BET.D03.002427-NEON.BET.D03.002519                                       => True: 36 , DINO: 36 , Check?: 0, Merge?: 0
Dicaelus_sculptilis-Btray-Y2022-NEON.BET.D06.008839-NEON.BET.D06.009029                                        => True: 21 , DINO: 21 , Check?: 0, Merge?: 0
Harpalus_amputatus-Btray-Y2019-NEON.BET.D10.010045-NEON.BET.D10.012126                                         => True: 30 , DINO: 30 , Check?: 0, Merge?: 0
Pterostichus_permundus-Btray-Y2022-NEON.BET.D02.13269-NEON.BET.D02.13497                                       => True: 25 , DINO: 25 , Check?: 0, Merge?: 0
Carabus_goryi-Atray-Y2021-NEON.BET.D07.009827-NEON.BET.D07.009945                                              => True: 48 , DINO: 48 , Check?: 0, Merge?: 0
Poecilus_scitulus-Btray-Y2015-NEON.BET.D10.003146-NEON.BET.D10.004253                                          => True: 23 , DINO: 23 , Check?: 0, Merge?: 0
Agonum_gratiosum-Btray-Y2019-NEON.BET.D05.005707-NEON.BET.D05.006336                                           => True: 18 , DINO: 18 , Check?: 0, Merge?: 0
Cymindis_planipennis-Btray-Y2019-NEON.BET.D10.011155-NEON.BET.D10.011528                                       => True: 20 , DINO: 20 , Check?: 0, Merge?: 0
Cratacanthus_dubius-Atray-Y2021-NEON.BET.D10.013464-NEON.BET.D10.014331                                        => True: 68 , DINO: 68 , Check?: 0, Merge?: 0
Dicaelus_dilatatus-Atray-Y2018-NEON.BET.D07.003251-NEON.BET.D07.005601                                         => True: N/A, DINO: 28 , Check?: 0, Merge?: 0
Pasimachus_punctulatus-Atray-Y2017-NEON.BET.D07.001590-NEON.BET.D07.002088                                     => True: 20 , DINO: 20 , Check?: 0, Merge?: 0
Pterostichus_lama-Atray-Y2021-NEON.BET.D17.002266-NEON.BET.D17.002286                                          => True: 20 , DINO: 20 , Check?: 0, Merge?: 0
Carabus_serratus-Atray-Y2019-NEON.BET.D09.004240-NEON.BET.D09.005635                                           => True: 24 , DINO: 24 , Check?: 0, Merge?: 0
Anisodactylus_sp.-Atray-Y2020-NEON.BET.D07.005766-NEON.BET.D07.007539                                          => True: N/A, DINO: 31 , Check?: 0, Merge?: 0
Sphaeroderus_stenostomus-Atray-Y2018-NEON.BET.D05.004013-NEON.BET.D05.005158                                   => True: 31 , DINO: 31 , Check?: 0, Merge?: 0
Pasimachus_elongatus-Atray-Y2023-NEON.BET.D10.017094-NEON.BET.D10.017291                                       => True: 33 , DINO: 33 , Check?: 0, Merge?: 0
Carabus_truncaticollis-Atray-Y2022-NEON.BET.D18.002915-NEON.BET.D18.003010                                     => True: 57 , DINO: 57 , Check?: 0, Merge?: 0
Chlaenius_aestivus-Atray-Y2019-NEON.BET.D02.007696-NEON.BET.D02.007747                                         => True: 46 , DINO: 46 , Check?: 0, Merge?: 0
Pterostichus_herculaneus-Atray-Y2019-NEON.BET.D16.002398-NEON.BET.D16.002537                                   => True: 49 , DINO: 49 , Check?: 0, Merge?: 0
Chlaenius_emarginatus-Atray-Y2022-NEON.BET.D02.12537-NEON.BET.D02.13052                                        => True: 49 , DINO: 49 , Check?: 0, Merge?: 0
Synuchus_impunctatus-Atray-Y2019-NEON.BET.D05.006235-NEON.BET.D05.006313                                       => True: 70 , DINO: 70 , Check?: 0, Merge?: 0
Pterostichus_acutipes-Btray-Y2018-NEON.BET.D07.005223-NEON.BET.D07.005691                                      => True: N/A, DINO: 18 , Check?: 0, Merge?: 0
Dicaelus_dilatatus-Btray-Y2019-NEON.BET.D08.002609-NEON.BET.D08.002811                                         => True: N/A, DINO: 7  , Check?: 0, Merge?: 0
Chlaenius_tomentosus-Btray-Y2019-NEON.BET.D02.008191-NEON.BET.D02.009089                                       => True: 18 , DINO: 18 , Check?: 0, Merge?: 0
Dicaelus_furvus-Btray-Y2023-NEON.BET.D08.003777-NEON.BET.D08.003986                                            => True: 19 , DINO: 19 , Check?: 0, Merge?: 0
Amara_confusa-Btray-Y2022-NEON.BET.D10.014636-NEON.BET.D10.016147                                              => True: 19 , DINO: 19 , Check?: 0, Merge?: 0
Pterostichus_novus-Atray-Y2019-NEON.BET.D05.005431-NEON.BET.D05.005532                                         => True: 46 , DINO: 46 , Check?: 0, Merge?: 0
Pterostichus_mutus-Btray-Y2021-NEON.BET.D07.008298-NEON.BET.D07.011864                                         => True: 31 , DINO: 31 , Check?: 0, Merge?: 0
Sphaeroderus_stenostomus-Atray-Y2019-NEON.BET.D07.005742-NEON.BET.D07.006365                                   => True: 48 , DINO: 48 , Check?: 0, Merge?: 0
Cylindera_unipunctata-Btray-Y2018-NEON.BET.D07.003255-NEON.BET.D07.005188                                      => True: 23 , DINO: 24 , Check?: 0, Merge?: 1
Cyclotrachelus_sigillatus-Atray-Y2021-NEON.BET.D07.009991-NEON.BET.D07.011965                                  => True: 50 , DINO: 50 , Check?: 0, Merge?: 0
Pasimachus_californicus-Atray-Y2022-NEON.BET.D06.008577-NEON.BET.D06.008633                                    => True: 25 , DINO: 28 , Check?: 0, Merge?: 1
Agonum_placidum-Btray-Y2015-NEON.BET.D10.004411-NEON.BET.D10.004439                                            => True: 11 , DINO: 11 , Check?: 0, Merge?: 0
Pasimachus_californicus-Atray-Y2015-NEON.BET.D11.000310-NEON.BET.D11.000344                                    => True: 25 , DINO: 25 , Check?: 0, Merge?: 0
Pterostichus_lama-Atray-Y2018-NEON.BET.D16.000927-NEON.BET.D16.001123                                          => True: 36 , DINO: 36 , Check?: 0, Merge?: 0
Harpalus_ellipsis-Btray-Y2020-NEON.BET.D10.009926-NEON.BET.D10.012898                                          => True: 16 , DINO: 16 , Check?: 0, Merge?: 0
Pterostichus_adoxus-Btray-Y2022-NEON.BET.D01.008240-NEON.BET.D01.008926                                        => True: 14 , DINO: 14 , Check?: 0, Merge?: 0
Anisodactylus_carbonarius-Btray-Y2015-NEON.BET.D10.003822-NEON.BET.D10.004803                                  => True: 16 , DINO: 16 , Check?: 0, Merge?: 0
Pterostichus_herculaneus-Atray-Y2018-NEON.BET.D16.000670-NEON.BET.D16.001910                                   => True: N/A, DINO: 96 , Check?: 0, Merge?: 0
Cyclotrachelus_sigillatus-Atray-Y2021-NEON.BET.D02.011394-NEON.BET.D02.011468                                  => True: 56 , DINO: 56 , Check?: 0, Merge?: 0
Pasimachus_elongatus-Atray-Y2018-NEON.BET.D10.008529-NEON.BET.D10.008939                                       => True: 28 , DINO: 28 , Check?: 0, Merge?: 0
Calosoma_peregrinator-Atray-Y2021-NEON.BET.D14.001634-NEON.BET.D14.001661                                      => True: 23 , DINO: 23 , Check?: 0, Merge?: 0
Agonum_retractum-Btray-Y2019-NEON.BET.D05.005713-NEON.BET.D05.006340                                           => True: 19 , DINO: 19 , Check?: 0, Merge?: 0
Harpalus_vagans-Btray-Y2021-NEON.BET.D08.003291-NEON.BET.D08.003548                                            => True: 23 , DINO: 23 , Check?: 0, Merge?: 0
Carabus_taedatus-Btray-Y2022-NEON.BET.D10.015197-NEON.BET.D10.016091                                           => True: 13 , DINO: 13 , Check?: 0, Merge?: 0
Dicaelus_furvus-Btray-Y2022-NEON.BET.D02.011894-NEON.BET.D02.13116                                             => True: N/A, DINO: 26 , Check?: 0, Merge?: 0
Anisodactylus_dulcicollis-Atray-Y2021-NEON.BET.D02.010299-NEON.BET.D02.010846                                  => True: 45 , DINO: 45 , Check?: 0, Merge?: 0
Harpalus_desertus-Atray-Y2018-NEON.BET.D10.008001-NEON.BET.D10.008992                                          => True: 71 , DINO: 71 , Check?: 0, Merge?: 0
Synuchus_impunctatus-Atray-Y2018-NEON.BET.D05.004026-NEON.BET.D05.004102                                       => True: 63 , DINO: 63 , Check?: 0, Merge?: 0
Calathus_gregarius-Btray-Y2018-NEON.BET.D12.000015-NEON.BET.D12.000687                                         => True: 19 , DINO: 19 , Check?: 0, Merge?: 0
Brachinus_alternans-Atray-Y2017-NEON.BET.D08.001426-NEON.BET.D08.001846                                        => True: 42 , DINO: 42 , Check?: 0, Merge?: 0
Pasimachus_californicus-Atray-Y2020-NEON.BET.D06.006296-NEON.BET.D06.006519                                    => True: 23 , DINO: 23 , Check?: 0, Merge?: 0
Cyclotrachelus_torvus-Btray-Y2018-NEON.BET.D11.001123-NEON.BET.D11.001264                                      => True: 10 , DINO: 10 , Check?: 0, Merge?: 0
Pterostichus_lachrymosus-Atray-Y2021-NEON.BET.D01.007082-NEON.BET.D01.007164                                   => True: 66 , DINO: 66 , Check?: 0, Merge?: 0
Pterostichus_tristis-Atray-Y2021-NEON.BET.D01.006774-NEON.BET.D01.007321                                       => True: 83 , DINO: 83 , Check?: 0, Merge?: 0
Pasimachus_elongatus-Atray-Y2018-NEON.BET.D10.008366-NEON.BET.D10.008537                                       => True: 28 , DINO: 28 , Check?: 0, Merge?: 0
Metrius_contractus-Btray-Y2022-NEON.BET.D17.002582-NEON.BET.D17.002781                                         => True: 20 , DINO: 20 , Check?: 0, Merge?: 0
Sphaeroderus_stenostomus-Btray-Y2020-NEON.BET.D07.009075-NEON.BET.D07.006414                                   => True: N/A, DINO: 22 , Check?: 0, Merge?: 0
Calosoma_affine-Btray-Y2018-NEON.BET.D06.003686-NEON.BET.D06.004203                                            => True: 9  , DINO: 9  , Check?: 0, Merge?: 0
Calosoma_prominens-Atray-Y2021-NEON.BET.D14.001610-NEON.BET.D14.001784                                         => True: 17 , DINO: 17 , Check?: 0, Merge?: 0
Agonum_quinquepunctatum-Btray-Y2018-NEON.BET.D19.000396-NEON.BET.D19.000568                                    => True: 29 , DINO: 29 , Check?: 0, Merge?: 0
Pasimachus_californicus-Atray-Y2022-NEON.BET.D11.002995-NEON.BET.D11.003027                                    => True: 33 , DINO: 33 , Check?: 0, Merge?: 0
Scaphinotus_angusticollis-Atray-Y2018-NEON.BET.D16.000699-NEON.BET.D16.001917                                  => True: 26 , DINO: 26 , Check?: 0, Merge?: 0
Cyclotrachelus_torvus-Btray-Y2018-NEON.BET.D09.002606-NEON.BET.D09.002707                                      => True: 27 , DINO: 27 , Check?: 0, Merge?: 0
Cyclotrachelus_convivus-Atray-Y2018-NEON.BET.D08.001929-NEON.BET.D08.002548                                    => True: 50 , DINO: 50 , Check?: 0, Merge?: 0
Cyclotrachelus_torvus-Atray-Y2019-NEON.BET.D09.004224-NEON.BET.D09.004676                                      => True: 48 , DINO: 48 , Check?: 0, Merge?: 0
Tetracha_virginica-Btray-Y2019-NEON.BET.D02.008969-NEON.BET.D02.009079                                         => True: 9  , DINO: 9  , Check?: 0, Merge?: 0
Cylindera_unipunctata-Btray-Y2022-NEON.BET.D07.012705-NEON.BET.D07.013688                                      => True: 20 , DINO: 20 , Check?: 0, Merge?: 0
Pterostichus_mutus-Atray-Y2022-NEON.BET.D05.008662-NEON.BET.D05.009159                                         => True: 59 , DINO: 59 , Check?: 0, Merge?: 0
Cratacanthus_dubius-Atray-Y2019-NEON.BET.D10.010398-NEON.BET.D10.012206                                        => True: 34 , DINO: 34 , Check?: 0, Merge?: 0
Sphaeroderus_stenostomus-Atray-Y2021-NEON.BET.D07.010408-NEON.BET.D07.011634                                   => True: 58 , DINO: 58 , Check?: 0, Merge?: 0
Pasimachus_californicus-Atray-Y2020-NEON.BET.D06.006411-NEON.BET.D06.006492                                    => True: 30 , DINO: 30 , Check?: 0, Merge?: 0
Pasimachus_sublaevis-Atray-Y2019-NEON.BET.D03.002312-NEON.BET.D03.002494                                       => True: 36 , DINO: 36 , Check?: 0, Merge?: 0
Chlaenius_aestivus-Atray-Y2020-NEON.BET.D02.009268-NEON.BET.D02.009322                                         => True: 55 , DINO: 55 , Check?: 0, Merge?: 0
Pasimachus_elongatus-Atray-Y2020-NEON.BET.D10.012701-NEON.BET.D10.012790                                       => True: 36 , DINO: 36 , Check?: 0, Merge?: 0
Anisodactylus_haplomus-Btray-Y2020-NEON.BET.D03.002737-NEON.BET.D03.002760                                     => True: 21 , DINO: 21 , Check?: 0, Merge?: 0
Calosoma_peregrinator-Atray-Y2021-NEON.BET.D14.001594-NEON.BET.D14.001633                                      => True: 23 , DINO: 23 , Check?: 0, Merge?: 0
Carabus_taedatus-Atray-Y2018-NEON.BET.D12.000048-NEON.BET.D12.000662                                           => True: N/A, DINO: 36 , Check?: 0, Merge?: 0
Pterostichus_herculaneus-Atray-Y2018-NEON.BET.D16.001436-NEON.BET.D16.001679                                   => True: 49 , DINO: 49 , Check?: 0, Merge?: 0
Dicaelus_dilatatus-Atray-Y2020-NEON.BET.D07.009001-NEON.BET.D07.009475                                         => True: N/A, DINO: 26 , Check?: 0, Merge?: 0
Pterostichus_stygicus-Atray-Y2021-NEON.BET.D02.010665-NEON.BET.D02.011620                                      => True: 48 , DINO: 48 , Check?: 0, Merge?: 0
Poecilus_lucublandus-Btray-Y2017-NEON.BET.D09.002265-NEON.BET.D09.002384                                       => True: 15 , DINO: 15 , Check?: 0, Merge?: 0
Amara_californica-Atray-Y2019-NEON.BET.D17.001079-NEON.BET.D17.001538                                          => True: 48 , DINO: 48 , Check?: 0, Merge?: 0
Metrius_contractus-Btray-Y2019-NEON.BET.D17.001135-NEON.BET.D17.001752                                         => True: 8  , DINO: 8  , Check?: 0, Merge?: 0
Harpalus_desertus-Atray-Y2015-NEON.BET.D10.003167-NEON.BET.D10.004880                                          => True: 41 , DINO: 41 , Check?: 0, Merge?: 0
Cratacanthus_dubius-Btray-Y2021-NEON.BET.D10.013907-NEON.BET.D10.015346                                        => True: 31 , DINO: 31 , Check?: 0, Merge?: 0
Agonum_quinquepunctatum-Btray-Y2021-NEON.BET.D19.001412-NEON.BET.D19.002770                                    => True: 15 , DINO: 15 , Check?: 0, Merge?: 0
Pasimachus_californicus-Atray-Y2015-NEON.BET.D06.000809-NEON.BET.D06.000848                                    => True: 25 , DINO: 25 , Check?: 0, Merge?: 0
Carabus_truncaticollis-Atray-Y2019-NEON.BET.D18.001608-NEON.BET.D18.001675                                     => True: 43 , DINO: 43 , Check?: 0, Merge?: 0
Cyclotrachelus_freitagi-Btray-Y2018-NEON.BET.D07.003959-NEON.BET.D07.004180                                    => True: 12 , DINO: 12 , Check?: 0, Merge?: 0
Pterostichus_protractus-Atray-Y2019-NEON.BET.D10.012271-NEON.BET.D10.012460                                    => True: 47 , DINO: 47 , Check?: 0, Merge?: 0
Anisodactylus_opaculus-Atray-Y2018-NEON.BET.D06.003738-NEON.BET.D06.004131                                     => True: 50 , DINO: 50 , Check?: 0, Merge?: 0
Harpalus_ellipsis-Btray-Y2022-NEON.BET.D10.015546-NEON.BET.D10.016274                                          => True: 19 , DINO: 19 , Check?: 0, Merge?: 0
Cyclotrachelus_substriatus-Btray-Y2022-NEON.BET.D06.008355-NEON.BET.D06.008753                                 => True: 18 , DINO: 18 , Check?: 0, Merge?: 0
Piosoma_setosum-Btray-Y2019-NEON.BET.D15.000939-NEON.BET.D15.001055                                            => True: 21 , DINO: 21 , Check?: 0, Merge?: 0
Galerita_bicolor-Atray-Y2021-NEON.BET.D02.011702-NEON.BET.D02.011748                                           => True: 32 , DINO: 32 , Check?: 0, Merge?: 0
Agonum_placidum-Btray-Y2015-NEON.BET.D10.003133-NEON.BET.D10.004410                                            => True: 24 , DINO: 24 , Check?: 0, Merge?: 0
Anisodactylus_merula-Atray-Y2018-NEON.BET.D07.003416-NEON.BET.D07.004299                                       => True: 49 , DINO: 49 , Check?: 0, Merge?: 0
Scaphinotus_oreophilus-Btray-Y2019-NEON.BET.D17.000949-NEON.BET.D17.001465                                     => True: 15 , DINO: 15 , Check?: 0, Merge?: 0
Pasimachus_elongatus-Atray-Y2019-NEON.BET.D10.011016-NEON.BET.D10.011498                                       => True: N/A, DINO: 30 , Check?: 0, Merge?: 0
Pterostichus_rostratus-Btray-Y2019-NEON.BET.D07.006114-NEON.BET.D07.008172                                     => True: 23 , DINO: 24 , Check?: 0, Merge?: 1
Galerita_bicolor-Atray-Y2018-NEON.BET.D07.004264-NEON.BET.D07.004737                                           => True: 11 , DINO: 11 , Check?: 0, Merge?: 0
Cyclotrachelus_furtivus-Btray-Y2019-NEON.BET.D02.007297-NEON.BET.D02.008504                                    => True: 21 , DINO: 21 , Check?: 0, Merge?: 0
Pterostichus_coracinus-Atray-Y2019-NEON.BET.D07.006721-NEON.BET.D07.007887                                     => True: 52 , DINO: 52 , Check?: 0, Merge?: 0
Discoderus_parallelus-Btray-Y2018-NEON.BET.D10.007890-NEON.BET.D10.009706                                      => True: 33 , DINO: 33 , Check?: 0, Merge?: 0
Scarites_ocalensis-Btray-Y2018-NEON.BET.D03.001995-NEON.BET.D03.002007                                         => True: 11 , DINO: 11 , Check?: 0, Merge?: 0
Omus_californicus-Atray-Y2022-NEON.BET.D17.002401-NEON.BET.D17.002790                                          => True: 47 , DINO: 47 , Check?: 0, Merge?: 0
Pterostichus_adoxus-Btray-Y2019-NEON.BET.D01.005605-NEON.BET.D01.005636                                        => True: 12 , DINO: 12 , Check?: 0, Merge?: 0
Harpalus_somnulentus-Btray-Y2018-NEON.BET.D09.003442-NEON.BET.D09.003968                                       => True: 29 , DINO: 29 , Check?: 0, Merge?: 0
Cymindis_planipennis-Btray-Y2022-NEON.BET.D10.015572-NEON.BET.D10.016101                                       => True: 14 , DINO: 14 , Check?: 0, Merge?: 0
Cyclotrachelus_sigillatus-Atray-Y2018-NEON.BET.D07.003620-NEON.BET.D07.005186                                  => True: 43 , DINO: 43 , Check?: 0, Merge?: 0
Dicaelus_sculptilis-Atray-Y2019-NEON.BET.D06.004240-NEON.BET.D06.004490                                        => True: 25 , DINO: 25 , Check?: 0, Merge?: 0
Brachinus_cyanochroaticus-Btray-Y2015-NEON.BET.D09.000622-NEON.BET.D09.001306                                  => True: 10 , DINO: 10 , Check?: 0, Merge?: 0
Pterostichus_stygicus-Atray-Y2018-NEON.BET.D02.005705-NEON.BET.D02.005791                                      => True: 62 , DINO: 63 , Check?: 0, Merge?: 1
Galerita_bicolor-Btray-Y2018-NEON.BET.D02.006758-NEON.BET.D02.006794                                           => True: 17 , DINO: 17 , Check?: 0, Merge?: 0
Sphaeroderus_stenostomus-Atray-Y2019-NEON.BET.D01.004335-NEON.BET.D01.004822                                   => True: 35 , DINO: 35 , Check?: 0, Merge?: 0
Chlaenius_tomentosus-Btray-Y2020-NEON.BET.D09.006019-NEON.BET.D09.012846                                       => True: N/A, DINO: 12 , Check?: 0, Merge?: 0
Cylindera_unipunctata-Btray-Y2018-NEON.BET.D07.003254-NEON.BET.D07.004901                                      => True: 15 , DINO: 15 , Check?: 0, Merge?: 0
Pterostichus_herculaneus-Atray-Y2018-NEON.BET.D16.000671-NEON.BET.D16.001852                                   => True: 40 , DINO: 40 , Check?: 0, Merge?: 0
Dicaelus_teter-Atray-Y2022-NEON.BET.D07.012086-NEON.BET.D07.013855                                             => True: 35 , DINO: 35 , Check?: 0, Merge?: 0
Poecilus_lucublandus-Atray-Y2019-NEON.BET.D09.004180-NEON.BET.D09.005593                                       => True: 36 , DINO: 36 , Check?: 0, Merge?: 0
Pasimachus_elongatus-Atray-Y2018-NEON.BET.D10.009474-NEON.BET.D10.009606                                       => True: 28 , DINO: 28 , Check?: 0, Merge?: 0
Pterostichus_tristis-Atray-Y2019-NEON.BET.D01.004589-NEON.BET.D01.005599                                       => True: 32 , DINO: 32 , Check?: 0, Merge?: 0
Scaphinotus_angusticollis-Atray-Y2021-NEON.BET.D16.003655-NEON.BET.D16.004320                                  => True: 28 , DINO: 28 , Check?: 0, Merge?: 0
Calosoma_frigidum-Atray-Y2019-NEON.BET.D07.006609-NEON.BET.D07.006626                                          => True: 25 , DINO: 25 , Check?: 0, Merge?: 0
Pasimachus_elongatus-Atray-Y2018-NEON.BET.D10.009691-NEON.BET.D10.009736                                       => True: 29 , DINO: 29 , Check?: 0, Merge?: 0
Pasimachus_californicus-Atray-Y2019-NEON.BET.D11.001686-NEON.BET.D11.001749                                    => True: 30 , DINO: 30 , Check?: 0, Merge?: 0
Harpalus_pensylvanicus-Btray-Y2018-NEON.BET.D02.007116-NEON.BET.D02.007152                                     => True: 14 , DINO: 14 , Check?: 0, Merge?: 0
Pterostichus_protractus-Atray-Y2019-NEON.BET.D10.011921-NEON.BET.D10.012432                                    => True: 49 , DINO: 49 , Check?: 0, Merge?: 0
Pterostichus_moestus-Btray-Y2022-NEON.BET.D07.012522-NEON.BET.D07.013794                                       => True: 18 , DINO: 18 , Check?: 0, Merge?: 0
Chlaenius_aestivus-Atray-Y2019-NEON.BET.D02.008351-NEON.BET.D02.008389                                         => True: 32 , DINO: 32 , Check?: 0, Merge?: 0
Pterostichus_acutipes-Atray-Y2017-NEON.BET.D07.002715-NEON.BET.D07.002923                                      => True: N/A, DINO: 59 , Check?: 0, Merge?: 0
Amara_littoralis-Btray-Y2021-NEON.BET.D09.006796-NEON.BET.D09.007769                                           => True: 23 , DINO: 23 , Check?: 0, Merge?: 0
Pterostichus_coracinus-Btray-Y2020-NEON.BET.D01.005910-NEON.BET.D01.006266                                     => True: 16 , DINO: 16 , Check?: 0, Merge?: 0
Metrius_contractus-Atray-Y2019-NEON.BET.D17.001709-NEON.BET.D17.001579                                         => True: 30 , DINO: 30 , Check?: 0, Merge?: 0
Pasimachus_californicus-Atray-Y2021-NEON.BET.D11.002088-NEON.BET.D11.002116                                    => True: 28 , DINO: 28 , Check?: 0, Merge?: 0
Pterostichus_novus-Atray-Y2021-NEON.BET.D05.008156-NEON.BET.D05.008413                                         => True: 80 , DINO: 80 , Check?: 0, Merge?: 0
Brachinus_fumans-Btray-Y2021-NEON.BET.D02.009957-NEON.BET.D02.010000                                           => True: 37 , DINO: 37 , Check?: 0, Merge?: 0
Sphaeroderus_stenostomus-Btray-Y2018-NEON.BET.D07.005531-NEON.BET.D07.005661                                   => True: 19 , DINO: 19 , Check?: 0, Merge?: 0
Cyclotrachelus_faber-Btray-Y2020-NEON.BET.D03.002786-NEON.BET.D03.002807                                       => True: 17 , DINO: 17 , Check?: 0, Merge?: 0
Pasimachus_punctulatus-Atray-Y2020-NEON.BET.D07.009221-NEON.BET.D07.009489                                     => True: N/A, DINO: 20 , Check?: 0, Merge?: 0
Myas_cyanescens-Btray-Y2019-NEON.BET.D05.005769-NEON.BET.D05.006093                                            => True: 11 , DINO: 11 , Check?: 0, Merge?: 0
Chlaenius_aestivus-Btray-Y2018-NEON.BET.D02.006496-NEON.BET.D02.006754                                         => True: 23 , DINO: 23 , Check?: 0, Merge?: 0
Synuchus_impunctatus-Atray-Y2021-NEON.BET.D05.007754-NEON.BET.D05.008053                                       => True: 84 , DINO: 84 , Check?: 0, Merge?: 0
Pasimachus_californicus-Atray-Y2015-NEON.BET.D11.000010-NEON.BET.D11.000553                                    => True: N/A, DINO: 26 , Check?: 0, Merge?: 0
Pasimachus_punctulatus-Atray-Y2021-NEON.BET.D07.008200-NEON.BET.D07.010010                                     => True: 24 , DINO: 24 , Check?: 0, Merge?: 0
Zacotus_matthewsii-Atray-Y2018-NEON.BET.D16.001686-NEON.BET.D16.001916                                         => True: N/A, DINO: 40 , Check?: 0, Merge?: 0
Pterostichus_novus-Atray-Y2019-NEON.BET.D05.005411-NEON.BET.D05.005479                                         => True: 48 , DINO: 48 , Check?: 0, Merge?: 0
Scaphinotus_marginatus-Btray-Y2017-NEON.BET.D16.000323-NEON.BET.D16.000348                                     => True: 10 , DINO: 10 , Check?: 0, Merge?: 0
Omus_dejeanii-Atray-Y2019-NEON.BET.D16.002346-NEON.BET.D16.002474                                              => True: 39 , DINO: 39 , Check?: 0, Merge?: 0
Pasimachus_californicus-Atray-Y2019-NEON.BET.D06.004737-NEON.BET.D06.004775                                    => True: 19 , DINO: 19 , Check?: 0, Merge?: 0
Pasimachus_californicus-Atray-Y2018-NEON.BET.D11.001144-NEON.BET.D11.001165                                    => True: 22 , DINO: 22 , Check?: 0, Merge?: 0
Cratacanthus_dubius-Btray-Y2019-NEON.BET.D11.001480-NEON.BET.D11.001892                                        => True: 11 , DINO: 11 , Check?: 0, Merge?: 0
Pterostichus_acutipes-Btray-Y2022-NEON.BET.D07.012725-NEON.BET.D07.013862                                      => True: 18 , DINO: 18 , Check?: 0, Merge?: 0
Synuchus_impunctatus-Atray-Y2022-NEON.BET.D05.008719-NEON.BET.D05.009039                                       => True: N/A, DINO: 87 , Check?: 0, Merge?: 0
Harpalus_vagans-Btray-Y2018-NEON.BET.D08.002196-NEON.BET.D08.002546                                            => True: 11 , DINO: 11 , Check?: 0, Merge?: 0
Brachinus_alternans-Btray-Y2018-NEON.BET.D08.002112-NEON.BET.D08.002438                                        => True: 22 , DINO: 22 , Check?: 0, Merge?: 0
Harpalus_amputatus-Atray-Y2014-NEON.BET.D10.001016-NEON.BET.D10.002151                                         => True: N/A, DINO: 80 , Check?: 0, Merge?: 0
Pterostichus_herculaneus-Atray-Y2019-NEON.BET.D16.002088-NEON.BET.D16.002771                                   => True: 36 , DINO: 36 , Check?: 0, Merge?: 0
Harpalus_opacipennis-Atray-Y2019-NEON.BET.D09.004231-NEON.BET.D09.005116                                       => True: 53 , DINO: 53 , Check?: 0, Merge?: 0
Pasimachus_elongatus-Atray-Y2019-NEON.BET.D06.004376-NEON.BET.D06.006083                                       => True: 18 , DINO: 18 , Check?: 0, Merge?: 0
Dicaelus_dilatatus-Atray-Y2017-NEON.BET.D07.002139-NEON.BET.D07.002807                                         => True: N/A, DINO: 29 , Check?: 0, Merge?: 0
Cyclotrachelus_sodalis-Btray-Y2019-NEON.BET.D06.005159-NEON.BET.D06.005250                                     => True: N/A, DINO: 10 , Check?: 0, Merge?: 0
Cymindis_cribricollis-Atray-Y2019-NEON.BET.D01.005799-NEON.BET.D01.005860                                      => True: 56 , DINO: 56 , Check?: 0, Merge?: 0
Dicaelus_dilatatus-Btray-Y2021-NEON.BET.D07.008261-NEON.BET.D07.011558                                         => True: 9  , DINO: 9  , Check?: 0, Merge?: 0
Omus_dejeanii-Atray-Y2018-NEON.BET.D16.000744-NEON.BET.D16.001570                                              => True: 36 , DINO: 36 , Check?: 0, Merge?: 0
Pterostichus_tristis-Btray-Y2021-NEON.BET.D07.010582-NEON.BET.D07.011868                                       => True: 29 , DINO: 29 , Check?: 0, Merge?: 0
Pasimachus_elongatus-Atray-Y2020-NEON.BET.D06.006191-NEON.BET.D06.006563                                       => True: 39 , DINO: 39 , Check?: 0, Merge?: 0
Cyclotrachelus_fucatus-Atray-Y2019-NEON.BET.D07.006324-NEON.BET.D07.008110                                     => True: 40 , DINO: 40 , Check?: 0, Merge?: 0
Pterostichus_mutus-Atray-Y2022-NEON.BET.D02.12539-NEON.BET.D02.13162                                           => True: 35 , DINO: 35 , Check?: 0, Merge?: 0
Pterostichus_rostratus-Atray-Y2018-NEON.BET.D01.003217-NEON.BET.D01.004178                                     => True: 43 , DINO: 43 , Check?: 0, Merge?: 0
Carabus_goryi-Atray-Y2021-NEON.BET.D07.010474-NEON.BET.D07.010799                                              => True: 50 , DINO: 50 , Check?: 0, Merge?: 0
Pterostichus_melanarius-Atray-Y2015-NEON.BET.D09.001224-NEON.BET.D09.001315                                    => True: 34 , DINO: 34 , Check?: 0, Merge?: 0
Cymindis_neglecta-Btray-Y2022-NEON.BET.D01.008670-NEON.BET.D01.008714                                          => True: 36 , DINO: 36 , Check?: 0, Merge?: 0
Pterostichus_melanarius-Atray-Y2018-NEON.BET.D05.003876-NEON.BET.D05.004783                                    => True: 50 , DINO: 50 , Check?: 0, Merge?: 0
Pasimachus_elongatus-Atray-Y2022-NEON.BET.D10.016769-NEON.BET.D10.016837                                       => True: 27 , DINO: 27 , Check?: 0, Merge?: 0
Pterostichus_coracinus-Btray-Y2018-NEON.BET.D07.003570-NEON.BET.D07.005392                                     => True: 12 , DINO: 12 , Check?: 0, Merge?: 0
Pasimachus_californicus-Atray-Y2018-NEON.BET.D06.003439-NEON.BET.D06.003659                                    => True: 21 , DINO: 21 , Check?: 0, Merge?: 0
Carabus_taedatus-Atray-Y2021-NEON.BET.D10.013561-NEON.BET.D10.014957                                           => True: N/A, DINO: 13 , Check?: 0, Merge?: 0
Dicaelus_furvus-Btray-Y2018-NEON.BET.D08.001947-NEON.BET.D08.002372                                            => True: 16 , DINO: 16 , Check?: 0, Merge?: 0
Carabus_taedatus-Btray-Y2019-NEON.BET.D12.001333-NEON.BET.D12.001370                                           => True: 15 , DINO: 15 , Check?: 0, Merge?: 0
Pterostichus_protractus-Btray-Y2019-NEON.BET.D10.011933-NEON.BET.D10.012426                                    => True: 19 , DINO: 19 , Check?: 0, Merge?: 0
Pterostichus_restrictus-Atray-Y2018-NEON.BET.D13.001556-NEON.BET.D13.001980                                    => True: 71 , DINO: 71 , Check?: 0, Merge?: 0
Calathus_advena-Btray-Y2020-NEON.BET.D10.013302-NEON.BET.D10.002530                                            => True: N/A, DINO: 30 , Check?: 0, Merge?: 0
Chlaenius_aestivus-Atray-Y2019-NEON.BET.D02.008123-NEON.BET.D02.008213                                         => True: 57 , DINO: 57 , Check?: 0, Merge?: 0
Pterostichus_mutus-Atray-Y2019-NEON.BET.D07.005723-NEON.BET.D07.007965                                         => True: 33 , DINO: 33 , Check?: 0, Merge?: 0
Pterostichus_lachrymosus-Atray-Y2019-NEON.BET.D01.004787-NEON.BET.D01.004880                                   => True: 43 , DINO: 43 , Check?: 0, Merge?: 0
Pasimachus_elongatus-Atray-Y2019-NEON.BET.D10.010334-NEON.BET.D10.011707                                       => True: 30 , DINO: 30 , Check?: 0, Merge?: 0
Myas_coracinus-Btray-Y2022-NEON.BET.D07.012652-NEON.BET.D07.014017                                             => True: 29 , DINO: 29 , Check?: 0, Merge?: 0
Scarites_subterraneus-Btray-Y2018-NEON.BET.D02.005521-NEON.BET.D02.005564                                      => True: 22 , DINO: 22 , Check?: 0, Merge?: 0
Sphaeroderus_canadensis-Btray-Y2019-NEON.BET.D07.005993-NEON.BET.D07.007808                                    => True: N/A, DINO: 26 , Check?: 0, Merge?: 0
Chlaenius_aestivus-Atray-Y2022-NEON.BET.D02.12589-NEON.BET.D02.12929                                           => True: 72 , DINO: 72 , Check?: 0, Merge?: 0
Pasimachus_elongatus-Atray-Y2018-NEON.BET.D10.009225-NEON.BET.D10.009473                                       => True: 25 , DINO: 25 , Check?: 0, Merge?: 0
Omus_dejeanii-Atray-Y2018-NEON.BET.D16.000666-NEON.BET.D16.000871                                              => True: N/A, DINO: 28 , Check?: 0, Merge?: 0
Dicaelus_sculptilis-Btray-Y2021-NEON.BET.D06.007418-NEON.BET.D06.007825                                        => True: 25 , DINO: 25 , Check?: 0, Merge?: 0
Piosoma_setosum-Btray-Y2021-NEON.BET.D10.013701-NEON.BET.D10.013879                                            => True: 15 , DINO: 15 , Check?: 0, Merge?: 0
Omus_dejeanii-Atray-Y2018-NEON.BET.D16.000789-NEON.BET.D16.001032                                              => True: N/A, DINO: 28 , Check?: 0, Merge?: 0
Pasimachus_punctulatus-Atray-Y2021-NEON.BET.D07.010028-NEON.BET.D07.010462                                     => True: N/A, DINO: 29 , Check?: 0, Merge?: 0
Dicaelus_teter-Btray-Y2019-NEON.BET.D07.007470-NEON.BET.D07.008021                                             => True: 12 , DINO: 12 , Check?: 0, Merge?: 0
Pterostichus_melanarius-Btray-Y2018-NEON.BET.D05.003926-NEON.BET.D05.003938                                    => True: 11 , DINO: 11 , Check?: 0, Merge?: 0
Cicindela_punctulata-Atray-Y2020-NEON.BET.D10.011262-NEON.BET.D10.013376                                       => True: N/A, DINO: 34 , Check?: 0, Merge?: 0
Dicaelus_furvus-Atray-Y2022-NEON.BET.D08.003642-NEON.BET.D08.003956                                            => True: 30 , DINO: 30 , Check?: 0, Merge?: 0
Carabus_goryi-Atray-Y2020-NEON.BET.D07.009119-NEON.BET.D07.009317                                              => True: 40 , DINO: 40 , Check?: 0, Merge?: 0
Pasimachus_elongatus-Atray-Y2019-NEON.BET.D06.005075-NEON.BET.D06.005205                                       => True: 29 , DINO: 29 , Check?: 0, Merge?: 0
Pterostichus_novus-Btray-Y2018-NEON.BET.D05.005067-NEON.BET.D05.005097                                         => True: 12 , DINO: 13 , Check?: 0, Merge?: 1
Omus_dejeanii-Atray-Y2019-NEON.BET.D16.002294-NEON.BET.D16.002345                                              => True: 34 , DINO: 34 , Check?: 0, Merge?: 0
Harpalus_pensylvanicus-Atray-Y2019-NEON.BET.D10.011537-NEON.BET.D10.012149                                     => True: 48 , DINO: 48 , Check?: 0, Merge?: 0
Carabus_truncaticollis-Atray-Y2019-NEON.BET.D18.001676-NEON.BET.D18.001759                                     => True: 42 , DINO: 42 , Check?: 0, Merge?: 0
Carabus_taedatus-Atray-Y2021-NEON.BET.D12.001372-NEON.BET.D12.001718                                           => True: N/A, DINO: 42 , Check?: 0, Merge?: 0
Pterostichus_lama-Btray-Y2019-NEON.BET.D16.001925-NEON.BET.D16.002952                                          => True: 13 , DINO: 13 , Check?: 0, Merge?: 0
Sphaeroderus_canadensis-Atray-Y2019-NEON.BET.D01.004399-NEON.BET.D01.004840                                    => True: 49 , DINO: 49 , Check?: 0, Merge?: 0
Cyclotrachelus_sodalis-Atray-Y2022-NEON.BET.D06.008434-NEON.BET.D06.008829                                     => True: 32 , DINO: 32 , Check?: 0, Merge?: 0
Cyclotrachelus_sigillatus-Atray-Y2022-NEON.BET.D07.012790-NEON.BET.D07.014036                                  => True: 38 , DINO: 38 , Check?: 0, Merge?: 0
Pterostichus_lachrymosus-Atray-Y2019-NEON.BET.D07.007255-NEON.BET.D07.007512                                   => True: 53 , DINO: 53 , Check?: 0, Merge?: 0
Cratacanthus_dubius-Atray-Y2018-NEON.BET.D10.008030-NEON.BET.D10.008821                                        => True: 77 , DINO: 77 , Check?: 0, Merge?: 0
Pterostichus_caudicalis-Btray-Y2018-NEON.BET.D05.004623-NEON.BET.D05.004801                                    => True: 32 , DINO: 32 , Check?: 0, Merge?: 0
Synuchus_impunctatus-Atray-Y2022-NEON.BET.D01.008104-NEON.BET.D01.008503                                       => True: 84 , DINO: 84 , Check?: 0, Merge?: 0
Pterostichus_ordinarius-Atray-Y2018-NEON.BET.D17.000595-NEON.BET.D17.000769                                    => True: 42 , DINO: 42 , Check?: 0, Merge?: 0
Cyclotrachelus_sigillatus-Atray-Y2021-NEON.BET.D02.12536-NEON.BET.D02.13382                                    => True: 69 , DINO: 69 , Check?: 0, Merge?: 0
Cratacanthus_dubius-Btray-Y2019-NEON.BET.D06.005347-NEON.BET.D06.006044                                        => True: 16 , DINO: 16 , Check?: 0, Merge?: 0
Zacotus_matthewsii-Btray-Y2020-NEON.BET.D16.003232-NEON.BET.D16.003512                                         => True: 12 , DINO: 12 , Check?: 0, Merge?: 0
Carabus_goryi-Atray-Y2021-NEON.BET.D07.008177-NEON.BET.D07.008313                                              => True: 39 , DINO: 39 , Check?: 0, Merge?: 0
Carabus_goryi-Atray-Y2019-NEON.BET.D07.006423-NEON.BET.D07.006820                                              => True: 42 , DINO: 42 , Check?: 0, Merge?: 0
Carabus_goryi-Atray-Y2018-NEON.BET.D07.004431-NEON.BET.D07.004541                                              => True: 47 , DINO: 47 , Check?: 0, Merge?: 0
Cylindera_unipunctata-Btray-Y2021-NEON.BET.D07.009781-NEON.BET.D07.011546                                      => True: 16 , DINO: 16 , Check?: 0, Merge?: 0
Pasimachus_sublaevis-Atray-Y2020-NEON.BET.D03.003002-NEON.BET.D03.003037                                       => True: 36 , DINO: 36 , Check?: 0, Merge?: 0
Anisodactylus_merula-Atray-Y2017-NEON.BET.D08.001397-NEON.BET.D08.001788                                       => True: 33 , DINO: 33 , Check?: 0, Merge?: 0
Promecognathus_crassus-Atray-Y2022-NEON.BET.D16.004340-NEON.BET.D16.004699                                     => True: 31 , DINO: 31 , Check?: 0, Merge?: 0
Cyclotrachelus_freitagi-Btray-Y2020-NEON.BET.D07.009103-NEON.BET.D07.009395                                    => True: 12 , DINO: 12 , Check?: 0, Merge?: 0
Pasimachus_californicus-Atray-Y2019-NEON.BET.D06.004808-NEON.BET.D06.004906                                    => True: 20 , DINO: 20 , Check?: 0, Merge?: 0
Amphasia_sericea-Btray-Y2019-NEON.BET.D02.007803-NEON.BET.D02.009174                                           => True: 10 , DINO: 10 , Check?: 0, Merge?: 0
Cyclotrachelus_torvus-Atray-Y2020-NEON.BET.D09.005952-NEON.BET.D09.006301                                      => True: 56 , DINO: 56 , Check?: 0, Merge?: 0
Cyclotrachelus_fucatus-Atray-Y2021-NEON.BET.D07.010175-NEON.BET.D07.011703                                     => True: 56 , DINO: 56 , Check?: 0, Merge?: 0
Pterostichus_lachrymosus-Btray-Y2019-NEON.BET.D07.005947-NEON.BET.D07.008162                                   => True: 14 , DINO: 14 , Check?: 0, Merge?: 0
Pterostichus_panticulatus-Btray-Y2020-NEON.BET.D17.001841-NEON.BET.D17.001889                                  => True: 14 , DINO: 14 , Check?: 0, Merge?: 0
Carabus_goryi-Atray-Y2018-NEON.BET.D07.005546-NEON.BET.D07.005663                                              => True: 38 , DINO: 38 , Check?: 0, Merge?: 0
Pasimachus_elongatus-Atray-Y2022-NEON.BET.D10.014722-NEON.BET.D10.015723                                       => True: 38 , DINO: 38 , Check?: 0, Merge?: 0
Pasimachus_californicus-Atray-Y2018-NEON.BET.D11.001166-NEON.BET.D11.001196                                    => True: 20 , DINO: 20 , Check?: 0, Merge?: 0
Pterostichus_lama-Atray-Y2018-NEON.BET.D16.000674-NEON.BET.D16.000926                                          => True: 37 , DINO: 37 , Check?: 0, Merge?: 0
Calosoma_calidum-Btray-Y2022-NEON.BET.D09.008662-NEON.BET.D09.008847                                           => True: 21 , DINO: 21 , Check?: 0, Merge?: 0
Pterostichus_melanarius-Btray-Y2018-NEON.BET.D05.004752-NEON.BET.D05.004781                                    => True: 24 , DINO: 24 , Check?: 0, Merge?: 0
Anisodactylus_haplomus-Btray-Y2021-NEON.BET.D03.003168-NEON.BET.D03.003820                                     => True: 25 , DINO: 25 , Check?: 0, Merge?: 0
Harpalus_pensylvanicus-Btray-Y2019-NEON.BET.D06.004292-NEON.BET.D06.006129                                     => True: 21 , DINO: 21 , Check?: 0, Merge?: 0
Agonum_placidum-Atray-Y2014-NEON.BET.D10.001609-NEON.BET.D10.002409                                            => True: 96 , DINO: 96 , Check?: 0, Merge?: 0
Pterostichus_mutus-Atray-Y2021-NEON.BET.D02.010108-NEON.BET.D02.011696                                         => True: 55 , DINO: 56 , Check?: 0, Merge?: 1
Chlaenius_tomentosus-Atray-Y2015-NEON.BET.D10.003176-NEON.BET.D10.004632                                       => True: 70 , DINO: 70 , Check?: 0, Merge?: 0
Pasimachus_punctulatus-Atray-Y2017-NEON.BET.D07.001553-NEON.BET.D07.002242                                     => True: 20 , DINO: 20 , Check?: 0, Merge?: 0
Anisodactylus_ovularis-Btray-Y2019-NEON.BET.D02.007263-NEON.BET.D02.008709                                     => True: 20 , DINO: 20 , Check?: 0, Merge?: 0
Cratacanthus_dubius-Atray-Y2020-NEON.BET.D10.009844-NEON.BET.D10.012913                                        => True: 53 , DINO: 53 , Check?: 0, Merge?: 0
Pterostichus_stygicus-Btray-Y2020-NEON.BET.D02.009547-NEON.BET.D02.009649                                      => True: 27 , DINO: 27 , Check?: 0, Merge?: 0
Pasimachus_californicus-Atray-Y2020-NEON.BET.D06.006664-NEON.BET.D06.006745                                    => True: 27 , DINO: 27 , Check?: 0, Merge?: 0
Pterostichus_lachrymosus-Atray-Y2022-NEON.BET.D07.012276-NEON.BET.D07.013009                                   => True: 53 , DINO: 53 , Check?: 0, Merge?: 0
Dicaelus_dilatatus-Atray-Y2019-NEON.BET.D07.007169-NEON.BET.D07.007831                                         => True: 24 , DINO: 24 , Check?: 0, Merge?: 0
Pterostichus_lama-Atray-Y2019-NEON.BET.D16.001994-NEON.BET.D16.002057                                          => True: 34 , DINO: 34 , Check?: 0, Merge?: 0
Harpalus_reversus-Btray-Y2018-NEON.BET.D10.008861-NEON.BET.D10.009092                                          => True: 12 , DINO: 12 , Check?: 0, Merge?: 0
Amara_impuncticollis-Btray-Y2018-NEON.BET.D07.003408-NEON.BET.D07.005935                                       => True: 23 , DINO: 23 , Check?: 0, Merge?: 0
Pterostichus_melanarius-Btray-Y2017-NEON.BET.D09.002448-NEON.BET.D09.002463                                    => True: 15 , DINO: 15 , Check?: 0, Merge?: 0
Pterostichus_herculaneus-Btray-Y2020-NEON.BET.D16.003221-NEON.BET.D16.003505                                   => True: 15 , DINO: 15 , Check?: 0, Merge?: 0
Pterostichus_ordinarius-Btray-Y2019-NEON.BET.D17.001791-NEON.BET.D17.001809                                    => True: 17 , DINO: 17 , Check?: 0, Merge?: 0
Pasimachus_elongatus-Atray-Y2021-NEON.BET.D10.015348-NEON.BET.D10.015504                                       => True: 24 , DINO: 24 , Check?: 0, Merge?: 0
Anisodactylus_opaculus-Btray-Y2019-NEON.BET.D06.005272-NEON.BET.D06.005820                                     => True: 13 , DINO: 13 , Check?: 0, Merge?: 0
Pterostichus_lachrymosus-Atray-Y2023-NEON.BET.D01.009520-NEON.BET.D01.009860                                   => True: 34 , DINO: 34 , Check?: 0, Merge?: 0
Synuchus_impunctatus-Atray-Y2019-NEON.BET.D05.005604-NEON.BET.D05.006677                                       => True: N/A, DINO: 25 , Check?: 0, Merge?: 0
Poecilus_scitulus-Btray-Y2018-NEON.BET.D10.008111-NEON.BET.D10.009320                                          => True: 13 , DINO: 14 , Check?: 0, Merge?: 1
Cyclotrachelus_freitagi-Btray-Y2022-NEON.BET.D07.012359-NEON.BET.D07.013800                                    => True: 27 , DINO: 27 , Check?: 0, Merge?: 0
Cyclotrachelus_sigillatus-Atray-Y2022-NEON.BET.D07.013113-NEON.BET.D07.013804                                  => True: 48 , DINO: 48 , Check?: 0, Merge?: 0
Galerita_bicolor-Btray-Y2021-NEON.BET.D07.010032-NEON.BET.D07.011045                                           => True: 20 , DINO: 20 , Check?: 0, Merge?: 0
Cyclotrachelus_sigillatus-Atray-Y2019-NEON.BET.D07.006805-NEON.BET.D07.008057                                  => True: 41 , DINO: 41 , Check?: 0, Merge?: 0
Cyclotrachelus_sodalis-Btray-Y2022-NEON.BET.D07.013379-NEON.BET.D07.013402                                     => True: 12 , DINO: 12 , Check?: 0, Merge?: 0
Pterostichus_rostratus-Btray-Y2022-NEON.BET.D01.008989-NEON.BET.D01.009019                                     => True: 22 , DINO: 22 , Check?: 0, Merge?: 0
Amara_coelebs-Btray-Y2020-NEON.BET.D10.012970-NEON.BET.D10.013208                                              => True: 12 , DINO: 12 , Check?: 0, Merge?: 0
Pterostichus_permundus-Btray-Y2022-NEON.BET.D06.008047-NEON.BET.D06.008356                                     => True: 29 , DINO: 29 , Check?: 0, Merge?: 0
Carabus_truncaticollis-Atray-Y2022-NEON.BET.D18.003011-NEON.BET.D18.003092                                     => True: 56 , DINO: 56 , Check?: 0, Merge?: 0
Cymindis_cribricollis-Btray-Y2022-NEON.BET.D01.008858-NEON.BET.D01.008886                                      => True: 22 , DINO: 22 , Check?: 0, Merge?: 0
Dicaelus_furvus-Atray-Y2019-NEON.BET.D08.002616-NEON.BET.D08.002999                                            => True: 20 , DINO: 20 , Check?: 0, Merge?: 0
Chlaenius_aestivus-Atray-Y2019-NEON.BET.D02.008005-NEON.BET.D02.008063                                         => True: 56 , DINO: 56 , Check?: 0, Merge?: 0
Cymindis_neglecta-Btray-Y2020-NEON.BET.D09.005848-NEON.BET.D09.006399                                          => True: 10 , DINO: 10 , Check?: 0, Merge?: 0
Calathus_advena-Atray-Y2018-NEON.BET.D10.007695-NEON.BET.D10.009565                                            => True: 69 , DINO: 69 , Check?: 0, Merge?: 0
Pterostichus_lama-Atray-Y2018-NEON.BET.D16.001124-NEON.BET.D16.001909                                          => True: 17 , DINO: 17 , Check?: 0, Merge?: 0
Harpalus_providens-Btray-Y2021-NEON.BET.D02.010286-NEON.BET.D02.010838                                         => True: 16 , DINO: 16 , Check?: 0, Merge?: 0
Pterostichus_protractus-Btray-Y2020-NEON.BET.D10.013284-NEON.BET.D10.013510                                    => True: 12 , DINO: 12 , Check?: 0, Merge?: 0
Cicindela_punctulata-Btray-Y2022-NEON.BET.D10.016628-NEON.BET.D10.016839                                       => True: 27 , DINO: 27 , Check?: 0, Merge?: 0
Cyclotrachelus_fucatus-Atray-Y2022-NEON.BET.D07.011979-NEON.BET.D07.013126                                     => True: 52 , DINO: 52 , Check?: 0, Merge?: 0
Pterostichus_permundus-Btray-Y2020-NEON.BET.D02.009590-NEON.BET.D02.009660                                     => True: 16 , DINO: 16 , Check?: 0, Merge?: 0
Carabus_taedatus-Atray-Y2019-NEON.BET.D13.002014-NEON.BET.D13.002332                                           => True: 47 , DINO: 47 , Check?: 0, Merge?: 0
Harpalus_somnulentus-Btray-Y2018-NEON.BET.D09.002658-NEON.BET.D09.003440                                       => True: 29 , DINO: 29 , Check?: 0, Merge?: 0
Chlaenius_emarginatus-Btray-Y2020-NEON.BET.D07.009101-NEON.BET.D07.009461                                      => True: 12 , DINO: 12 , Check?: 0, Merge?: 0
Calosoma_wilcoxi-Btray-Y2019-NEON.BET.D07.006015-NEON.BET.D07.006570                                           => True: 10 , DINO: 10 , Check?: 0, Merge?: 0
Calosoma_sponsa-Btray-Y2022-NEON.BET.D13.501439-NEON.BET.D13.501452                                            => True: 10 , DINO: 10 , Check?: 0, Merge?: 0
Calathus_advena-Btray-Y2020-NEON.BET.D10.013308-NEON.BET.D10.013521                                            => True: 22 , DINO: 22 , Check?: 0, Merge?: 0
Carabus_goryi-Btray-Y2018-NEON.BET.D02.005461-NEON.BET.D02.005477                                              => True: 9  , DINO: 9  , Check?: 0, Merge?: 0
Chlaenius_aestivus-Atray-Y2021-NEON.BET.D08.003111-NEON.BET.D08.003289                                         => True: 56 , DINO: 56 , Check?: 0, Merge?: 0
Galerita_bicolor-Atray-Y2019-NEON.BET.D02.007343-NEON.BET.D02.008666                                           => True: 17 , DINO: 17 , Check?: 0, Merge?: 0
Chlaenius_tricolor-Btray-Y2022-NEON.BET.D02.011901-NEON.BET.D02.13242                                          => True: 17 , DINO: 17 , Check?: 0, Merge?: 0
Pterostichus_protractus-Btray-Y2021-NEON.BET.D12.001429-NEON.BET.D12.001462                                    => True: 22 , DINO: 22 , Check?: 0, Merge?: 0
Chlaenius_aestivus-Atray-Y2021-NEON.BET.D02.009826-NEON.BET.D02.011364                                         => True: 51 , DINO: 51 , Check?: 0, Merge?: 0
Sphaeroderus_canadensis-Atray-Y2021-NEON.BET.D01.006471-NEON.BET.D01.006896                                    => True: 41 , DINO: 41 , Check?: 0, Merge?: 0
Cyclotrachelus_sigillatus-Atray-Y2022-NEON.BET.D07.013881-NEON.BET.D07.014039                                  => True: 38 , DINO: 38 , Check?: 0, Merge?: 0
Pasimachus_punctulatus-Atray-Y2022-NEON.BET.D07.012380-NEON.BET.D07.013075                                     => True: 20 , DINO: 20 , Check?: 0, Merge?: 0
Dicaelus_purpuratus-Btray-Y2021-NEON.BET.D06.007409-NEON.BET.D06.007819                                        => True: 23 , DINO: 23 , Check?: 0, Merge?: 0
Cyclotrachelus_fucatus-Atray-Y2023-NEON.BET.D07.014135-NEON.BET.D07.014773                                     => True: 30 , DINO: 30 , Check?: 0, Merge?: 0
Amara_quenseli-Btray-Y2019-NEON.BET.D10.009992-NEON.BET.D10.012095                                             => True: N/A, DINO: 20 , Check?: 0, Merge?: 0
Chlaenius_aestivus-Atray-Y2018-NEON.BET.D02.006675-NEON.BET.D02.006742                                         => True: 62 , DINO: 62 , Check?: 0, Merge?: 0
Anisodactylus_dulcicollis-Btray-Y2019-NEON.BET.D02.007199-NEON.BET.D02.007909                                  => True: 31 , DINO: 31 , Check?: 0, Merge?: 0
Cyclotrachelus_sigillatus-Btray-Y2022-NEON.BET.D03.004043-NEON.BET.D03.004054                                  => True: 12 , DINO: 12 , Check?: 0, Merge?: 0
Pterostichus_tristis-Atray-Y2021-NEON.BET.D01.006553-NEON.BET.D01.007387                                       => True: 40 , DINO: 40 , Check?: 0, Merge?: 0
Pasimachus_californicus-Atray-Y2019-NEON.BET.D11.001625-NEON.BET.D11.001654                                    => True: 21 , DINO: 21 , Check?: 0, Merge?: 0
Tetracha_virginica-Atray-Y2015-NEON.BET.D06.000015-NEON.BET.D06.001031                                         => True: 38 , DINO: 38 , Check?: 0, Merge?: 0
Harpalus_nigritarsis-Atray-Y2019-NEON.BET.D12.000737-NEON.BET.D12.001346                                       => True: 26 , DINO: 26 , Check?: 0, Merge?: 0
Pterostichus_ventricosus-Btray-Y2020-NEON.BET.D19.000877-NEON.BET.D19.000915                                   => True: N/A, DINO: 12 , Check?: 0, Merge?: 0
Dicaelus_dilatatus-Btray-Y2020-NEON.BET.D08.003014-NEON.BET.D08.003046                                         => True: 7  , DINO: 7  , Check?: 0, Merge?: 0
Amara_aenea-Btray-Y2021-NEON.BET.D02.010198-NEON.BET.D02.010227                                                => True: 17 , DINO: 17 , Check?: 0, Merge?: 0
Cyclotrachelus_sodalis-Atray-Y2022-NEON.BET.D06.008059-NEON.BET.D06.008431                                     => True: 61 , DINO: 61 , Check?: 0, Merge?: 0
Pterostichus_melanarius-Atray-Y2015-NEON.BET.D09.001127-NEON.BET.D09.001223                                    => True: 56 , DINO: 56 , Check?: 0, Merge?: 0
Pterostichus_melanarius-Atray-Y2015-NEON.BET.D09.000685-NEON.BET.D09.000895                                    => True: 56 , DINO: 56 , Check?: 0, Merge?: 0
Harpalus_ellipsis-Atray-Y2020-NEON.BET.D10.009952-NEON.BET.D10.012501                                          => True: N/A, DINO: 45 , Check?: 0, Merge?: 0
Sphaeroderus_stenostomus-Atray-Y2018-NEON.BET.D07.003248-NEON.BET.D07.004336                                   => True: 58 , DINO: 58 , Check?: 0, Merge?: 0
Pterostichus_mutus-Btray-Y2022-NEON.BET.D07.012272-NEON.BET.D07.013941                                         => True: 16 , DINO: 16 , Check?: 0, Merge?: 0
Pterostichus_coracinus-Btray-Y2019-NEON.BET.D02.008811-NEON.BET.D02.009053                                     => True: 12 , DINO: 12 , Check?: 0, Merge?: 0
Pasimachus_californicus-Atray-Y2021-NEON.BET.D11.001960-NEON.BET.D11.001989                                    => True: 28 , DINO: 28 , Check?: 0, Merge?: 0
Harpalus_opacipennis-Btray-Y2018-NEON.BET.D09.002860-NEON.BET.D09.004037                                       => True: 16 , DINO: 16 , Check?: 0, Merge?: 0
Cymindis_cribricollis-Btray-Y2019-NEON.BET.D09.004619-NEON.BET.D09.005690                                      => True: 15 , DINO: 15 , Check?: 0, Merge?: 0
Cyclotrachelus_torvus-Atray-Y2019-NEON.BET.D09.005501-NEON.BET.D09.005596                                      => True: 35 , DINO: 35 , Check?: 0, Merge?: 0
Harpalus_pensylvanicus-Btray-Y2020-NEON.BET.D02.009363-NEON.BET.D02.009481                                     => True: 29 , DINO: 29 , Check?: 0, Merge?: 0
Amara_convexa-Btray-Y2019-NEON.BET.D10.013845-NEON.BET.D10.014317                                              => True: N/A, DINO: 21 , Check?: 0, Merge?: 0
Metrius_contractus-Btray-Y2019-NEON.BET.D17.000973-NEON.BET.D17.001779                                         => True: 15 , DINO: 15 , Check?: 0, Merge?: 0
Agonum_quinquepunctatum-Btray-Y2018-NEON.BET.D18.000594-NEON.BET.D18.001072                                    => True: 15 , DINO: 15 , Check?: 0, Merge?: 0
Pasimachus_elongatus-Atray-Y2019-NEON.BET.D10.010008-NEON.BET.D10.010741                                       => True: 29 , DINO: 29 , Check?: 0, Merge?: 0
Pterostichus_panticulatus-Btray-Y2018-NEON.BET.D17.000270-NEON.BET.D17.000858                                  => True: 20 , DINO: 20 , Check?: 0, Merge?: 0
Carabus_goryi-Atray-Y2022-NEON.BET.D07.013083-NEON.BET.D07.013296                                              => True: 41 , DINO: 41 , Check?: 0, Merge?: 0
Amara_obesa-Btray-Y2022-NEON.BET.D09.007886-NEON.BET.D09.008960                                                => True: 42 , DINO: 42 , Check?: 0, Merge?: 0
Piosoma_setosum-Atray-Y2022-NEON.BET.D10.015660-NEON.BET.D10.016326                                            => True: 69 , DINO: 69 , Check?: 0, Merge?: 0
Carabus_taedatus-Btray-Y2018-NEON.BET.D10.007696-NEON.BET.D10.009579                                           => True: 16 , DINO: 16 , Check?: 0, Merge?: 0
Pterostichus_lama-Atray-Y2019-NEON.BET.D16.001923-NEON.BET.D16.001992                                          => True: 33 , DINO: 33 , Check?: 0, Merge?: 0
Dicaelus_politus-Btray-Y2019-NEON.BET.D02.008612-NEON.BET.D02.008903                                           => True: 22 , DINO: 22 , Check?: 0, Merge?: 0
Amara_tenax-Btray-Y2018-NEON.BET.D09.002825-NEON.BET.D09.003611                                                => True: 23 , DINO: 23 , Check?: 0, Merge?: 0
Carabus_goryi-Atray-Y2021-NEON.BET.D07.011085-NEON.BET.D07.011404                                              => True: 48 , DINO: 48 , Check?: 0, Merge?: 0
Pasimachus_elongatus-Atray-Y2018-NEON.BET.D10.007987-NEON.BET.D10.009224                                       => True: 26 , DINO: 26 , Check?: 0, Merge?: 0
Carabus_truncaticollis-Btray-Y2019-NEON.BET.D18.001225-NEON.BET.D18.001700                                     => True: 14 , DINO: 14 , Check?: 0, Merge?: 0
Pterostichus_restrictus-Btray-Y2021-NEON.BET.D10.014680-NEON.BET.D10.015005                                    => True: 23 , DINO: 23 , Check?: 0, Merge?: 0
Pterostichus_melanarius-Btray-Y2019-NEON.BET.D09.004599-NEON.BET.D09.004973                                    => True: 20 , DINO: 20 , Check?: 0, Merge?: 0
Pterostichus_moestus-Atray-Y2019-NEON.BET.D07.006057-NEON.BET.D07.007963                                       => True: 39 , DINO: 39 , Check?: 0, Merge?: 0
Chlaenius_aestivus-Atray-Y2021-NEON.BET.D02.009792-NEON.BET.D02.009850                                         => True: 56 , DINO: 56 , Check?: 0, Merge?: 0
Amara_conflata-Btray-Y2019-NEON.BET.D17.000978-NEON.BET.D17.001370                                             => True: 6  , DINO: 6  , Check?: 0, Merge?: 0
Amara_quenseli-Atray-Y2019-NEON.BET.D15.000940-NEON.BET.D15.001061                                             => True: N/A, DINO: 56 , Check?: 0, Merge?: 0
Brachinus_alternans-Atray-Y2015-NEON.BET.D06.000199-NEON.BET.D06.002492                                        => True: N/A, DINO: 70 , Check?: 0, Merge?: 0
Harpalus_opacipennis-Atray-Y2022-NEON.BET.D09.007865-NEON.BET.D09.008967                                       => True: 64 , DINO: 64 , Check?: 0, Merge?: 0
Sphaeroderus_canadensis-Atray-Y2018-NEON.BET.D01.003736-NEON.BET.D01.004123                                    => True: 32 , DINO: 32 , Check?: 0, Merge?: 0
Poecilus_chalcites-Btray-Y2020-NEON.BET.D06.006882-NEON.BET.D06.007307                                         => True: 20 , DINO: 20 , Check?: 0, Merge?: 0
Synuchus_impunctatus-Atray-Y2018-NEON.BET.D01.004065-NEON.BET.D01.004268                                       => True: 60 , DINO: 60 , Check?: 0, Merge?: 0
Cymindis_neglecta-Btray-Y2020-NEON.BET.D01.005919-NEON.BET.D01.006246                                          => True: 24 , DINO: 24 , Check?: 0, Merge?: 0
Cymindis_planipennis-Btray-Y2022-NEON.BET.D10.016102-NEON.BET.D10.016287                                       => True: 22 , DINO: 22 , Check?: 0, Merge?: 0
Cyclotrachelus_faber-Btray-Y2022-NEON.BET.D03.004070-NEON.BET.D03.004085                                       => True: 15 , DINO: 15 , Check?: 0, Merge?: 0
Cyclotrachelus_sigillatus-Atray-Y2019-NEON.BET.D02.007298-NEON.BET.D02.008574                                  => True: 56 , DINO: 56 , Check?: 0, Merge?: 0
Pterostichus_protractus-Atray-Y2018-NEON.BET.D10.007693-NEON.BET.D10.009539                                    => True: 88 , DINO: 88 , Check?: 0, Merge?: 0
Dicaelus_elongatus-Btray-Y2021-NEON.BET.D02.010602-NEON.BET.D02.010756                                         => True: 17 , DINO: 17 , Check?: 0, Merge?: 0
Cyclotrachelus_fucatus-Atray-Y2021-NEON.BET.D07.008187-NEON.BET.D07.010172                                     => True: 77 , DINO: 77 , Check?: 0, Merge?: 0
Cyclotrachelus_sodalis-Atray-Y2020-NEON.BET.D06.006648-NEON.BET.D06.007361                                     => True: 48 , DINO: 48 , Check?: 0, Merge?: 0
Pterostichus_lama-Atray-Y2017-NEON.BET.D16.000338-NEON.BET.D16.000584                                          => True: 22 , DINO: 22 , Check?: 0, Merge?: 0
Cymindis_unicolor-Btray-Y2018-NEON.BET.D13.001621-NEON.BET.D13.001975                                          => True: 20 , DINO: 20 , Check?: 0, Merge?: 0
Scarites_subterraneus-Btray-Y2018-NEON.BET.D02.005519-NEON.BET.D02.005563                                      => True: 21 , DINO: 21 , Check?: 0, Merge?: 0
Dicaelus_teter-Atray-Y2022-NEON.BET.D07.012004-NEON.BET.D07.012930                                             => True: 49 , DINO: 49 , Check?: 0, Merge?: 0
Zacotus_matthewsii-Btray-Y2019-NEON.BET.D16.002590-NEON.BET.D16.002626                                         => True: N/A, DINO: 15 , Check?: 0, Merge?: 0
Carabus_goryi-Atray-Y2018-NEON.BET.D07.005048-NEON.BET.D07.005432                                              => True: 47 , DINO: 47 , Check?: 0, Merge?: 0
Pterostichus_lachrymosus-Atray-Y2023-NEON.BET.D07.014844-NEON.BET.D07.015109                                   => True: 38 , DINO: 38 , Check?: 0, Merge?: 0
Amara_obesa-Atray-Y2022-NEON.BET.D09.008505-NEON.BET.D09.008961                                                => True: 58 , DINO: 58 , Check?: 0, Merge?: 0
Cyclotrachelus_torvus-Btray-Y2018-NEON.BET.D09.002708-NEON.BET.D09.002751                                      => True: 27 , DINO: 27 , Check?: 0, Merge?: 0
Dicaelus_sculptilis-Btray-Y2018-NEON.BET.D06.002901-NEON.BET.D06.003073                                        => True: N/A, DINO: 12 , Check?: 0, Merge?: 0
Pterostichus_lama-Atray-Y2018-NEON.BET.D16.001333-NEON.BET.D16.001817                                          => True: 42 , DINO: 42 , Check?: 0, Merge?: 0
Myas_cyanescens-Btray-Y2021-NEON.BET.D07.008246-NEON.BET.D07.011805                                            => True: 21 , DINO: 21 , Check?: 0, Merge?: 0
Carabus_goryi-Atray-Y2018-NEON.BET.D01.003166-NEON.BET.D01.004200                                              => True: 27 , DINO: 27 , Check?: 0, Merge?: 0
Harpalus_laticeps-Atray-Y2018-NEON.BET.D12.000001-NEON.BET.D12.000605                                          => True: 41 , DINO: 41 , Check?: 0, Merge?: 0
Sphaeroderus_canadensis-Atray-Y2022-NEON.BET.D01.008047-NEON.BET.D01.008479                                    => True: 66 , DINO: 66 , Check?: 0, Merge?: 0
Pasimachus_californicus-Atray-Y2019-NEON.BET.D11.001554-NEON.BET.D11.001583                                    => True: 30 , DINO: 30 , Check?: 0, Merge?: 0
Pasimachus_elongatus-Atray-Y2023-NEON.BET.D10.017167-NEON.BET.D10.017828                                       => True: 23 , DINO: 23 , Check?: 0, Merge?: 0
Dicaelus_dilatatus-Btray-Y2017-NEON.BET.D08.001469-NEON.BET.D08.001806                                         => True: 11 , DINO: 11 , Check?: 0, Merge?: 0
Amara_quenseli-Btray-Y2018-NEON.BET.D15.000818-NEON.BET.D15.000936                                             => True: 28 , DINO: 28 , Check?: 0, Merge?: 0
Pterostichus_herculaneus-Atray-Y2019-NEON.BET.D16.002022-NEON.BET.D16.002087                                   => True: 46 , DINO: 46 , Check?: 0, Merge?: 0
Amara_obesa-Btray-Y2021-NEON.BET.D09.006906-NEON.BET.D09.007220                                                => True: 20 , DINO: 20 , Check?: 0, Merge?: 0
Pterostichus_trinarius-Btray-Y2022-NEON.BET.D02.12977-NEON.BET.D02.13449                                       => True: 31 , DINO: 31 , Check?: 0, Merge?: 0
Anisodactylus_furvus-Btray-Y2018-NEON.BET.D07.003430-NEON.BET.D07.005937                                       => True: 14 , DINO: 15 , Check?: 0, Merge?: 1
Pasimachus_californicus-Atray-Y2018-NEON.BET.D06.003139-NEON.BET.D06.003372                                    => True: 19 , DINO: 19 , Check?: 0, Merge?: 0
Pasimachus_punctulatus-Atray-Y2022-NEON.BET.D07.013076-NEON.BET.D07.013763                                     => True: 20 , DINO: 20 , Check?: 0, Merge?: 0
Cymindis_cribricollis-Btray-Y2018-NEON.BET.D09.003437-NEON.BET.D09.003920                                      => True: 38 , DINO: 38 , Check?: 0, Merge?: 0
Calosoma_calidum-Atray-Y2018-NEON.BET.D09.002760-NEON.BET.D09.004018                                           => True: 43 , DINO: 43 , Check?: 0, Merge?: 0
Galerita_bicolor-Btray-Y2022-NEON.BET.D02.12556-NEON.BET.D02.13063                                             => True: 18 , DINO: 18 , Check?: 0, Merge?: 0
Calathus_opaculus-Atray-Y2019-NEON.BET.D11.001481-NEON.BET.D11.001844                                          => True: 48 , DINO: 47 , Check?: 0, Merge?: 0
Promecognathus_crassus-Btray-Y2018-NEON.BET.D16.000668-NEON.BET.D16.001695                                     => True: 11 , DINO: 11 , Check?: 0, Merge?: 0
Pterostichus_tristis-Atray-Y2022-NEON.BET.D01.008548-NEON.BET.D01.008778                                       => True: 69 , DINO: 69 , Check?: 0, Merge?: 0
Piosoma_setosum-Atray-Y2022-NEON.BET.D13.501532-NEON.BET.D13.501581                                            => True: 50 , DINO: 50 , Check?: 0, Merge?: 0
Harpalus_opacipennis-Atray-Y2018-NEON.BET.D12.000006-NEON.BET.D12.000213                                       => True: 60 , DINO: 60 , Check?: 0, Merge?: 0
Cratacanthus_dubius-Atray-Y2021-NEON.BET.D10.014333-NEON.BET.D10.014913                                        => True: 52 , DINO: 52 , Check?: 0, Merge?: 0
Harpalus_paratus-Btray-Y2019-NEON.BET.D10.011338-NEON.BET.D10.012457                                           => True: 13 , DINO: 13 , Check?: 0, Merge?: 0
Pterostichus_coracinus-Atray-Y2019-NEON.BET.D07.006051-NEON.BET.D07.008027                                     => True: 37 , DINO: 37 , Check?: 0, Merge?: 0
Pterostichus_lachrymosus-Atray-Y2019-NEON.BET.D01.004790-NEON.BET.D01.004930                                   => True: 25 , DINO: 25 , Check?: 0, Merge?: 0
Dicaelus_dilatatus-Atray-Y2019-NEON.BET.D07.006184-NEON.BET.D07.006659                                         => True: 35 , DINO: 35 , Check?: 0, Merge?: 0
Calosoma_calidum-Btray-Y2023-NEON.BET.D09.010242-NEON.BET.D09.010311                                           => True: 12 , DINO: 12 , Check?: 0, Merge?: 0
Pterostichus_pensylvanicus-Btray-Y2018-NEON.BET.D01.003126-NEON.BET.D01.003426                                 => True: 34 , DINO: 34 , Check?: 0, Merge?: 0
Cyclotrachelus_furtivus-Btray-Y2022-NEON.BET.D02.13024-NEON.BET.D02.13468                                      => True: 13 , DINO: 13 , Check?: 0, Merge?: 0
Pasimachus_elongatus-Atray-Y2022-NEON.BET.D06.008131-NEON.BET.D06.008602                                       => True: 42 , DINO: 42 , Check?: 0, Merge?: 0
Pasimachus_californicus-Atray-Y2021-NEON.BET.D11.002056-NEON.BET.D11.002087                                    => True: 28 , DINO: 28 , Check?: 0, Merge?: 0
Agonum_octopunctatum-Btray-Y2019-NEON.BET.D02.007769-NEON.BET.D02.007795                                       => True: 22 , DINO: 22 , Check?: 0, Merge?: 0
Sphaeroderus_stenostomus-Atray-Y2018-NEON.BET.D01.003252-NEON.BET.D01.004248                                   => True: 33 , DINO: 33 , Check?: 0, Merge?: 0
Pterostichus_acutipes-Atray-Y2022-NEON.BET.D07.012172-NEON.BET.D07.013871                                      => True: 49 , DINO: 49 , Check?: 0, Merge?: 0
Pterostichus_protractus-Btray-Y2022-NEON.BET.D10.015960-NEON.BET.D10.016076                                    => True: 32 , DINO: 32 , Check?: 0, Merge?: 0
Anisodactylus_ovularis-Btray-Y2019-NEON.BET.D06.004923-NEON.BET.D06.005959                                     => True: 20 , DINO: 20 , Check?: 0, Merge?: 0
Cylindera_unipunctata-Btray-Y2020-NEON.BET.D07.009053-NEON.BET.D07.009472                                      => True: 18 , DINO: 18 , Check?: 0, Merge?: 0
Cyclotrachelus_sodalis-Atray-Y2019-NEON.BET.D06.004580-NEON.BET.D06.005158                                     => True: N/A, DINO: 42 , Check?: 0, Merge?: 0
Dicaelus_furvus-Btray-Y2021-NEON.BET.D02.010472-NEON.BET.D02.010757                                            => True: 30 , DINO: 30 , Check?: 0, Merge?: 0
Anisodactylus_dulcicollis-Atray-Y2019-NEON.BET.D02.007205-NEON.BET.D02.007910                                  => True: 27 , DINO: 27 , Check?: 0, Merge?: 0
Pterostichus_ordinarius-Btray-Y2019-NEON.BET.D17.001022-NEON.BET.D17.001766                                    => True: 15 , DINO: 15 , Check?: 0, Merge?: 0
Carabus_truncaticollis-Atray-Y2019-NEON.BET.D18.001454-NEON.BET.D18.001502                                     => True: 43 , DINO: 43 , Check?: 0, Merge?: 0
Poecilus_chalcites-Btray-Y2019-NEON.BET.D06.005293-NEON.BET.D06.006080                                         => True: 14 , DINO: 14 , Check?: 0, Merge?: 0
Chlaenius_emarginatus-Atray-Y2021-NEON.BET.D02.010545-NEON.BET.D02.011114                                      => True: 75 , DINO: 75 , Check?: 0, Merge?: 0
Pterostichus_sp.-Btray-Y2018-NEON.BET.D17.000313-NEON.BET.D17.000926                                           => True: 15 , DINO: 15 , Check?: 0, Merge?: 0
Pasimachus_elongatus-Atray-Y2018-NEON.BET.D06.003141-NEON.BET.D06.003341                                       => True: 29 , DINO: 29 , Check?: 0, Merge?: 0
Cyclotrachelus_convivus-Atray-Y2019-NEON.BET.D08.002746-NEON.BET.D08.003004                                    => True: 41 , DINO: 41 , Check?: 0, Merge?: 0
Pterostichus_coracinus-Btray-Y2020-NEON.BET.D02.009532-NEON.BET.D02.009591                                     => True: 23 , DINO: 23 , Check?: 0, Merge?: 0
Pterostichus_pensylvanicus-Btray-Y2022-NEON.BET.D01.007940-NEON.BET.D01.008397                                 => True: 31 , DINO: 31 , Check?: 0, Merge?: 0
Omus_californicus-Atray-Y2021-NEON.BET.D17.002320-NEON.BET.D17.002359                                          => True: 22 , DINO: 22 , Check?: 0, Merge?: 0
Cymindis_sp.-Btray-Y2018-NEON.BET.D15.000844-NEON.BET.D15.000921                                               => True: 19 , DINO: 20 , Check?: 0, Merge?: 1
Anisodactylus_opaculus-Btray-Y2019-NEON.BET.D06.005271-NEON.BET.D06.005818                                     => True: 16 , DINO: 16 , Check?: 0, Merge?: 0
Chlaenius_platyderus-Btray-Y2020-NEON.BET.D09.005729-NEON.BET.D09.006401                                       => True: 11 , DINO: 11 , Check?: 0, Merge?: 0
Scaphinotus_angusticollis-Btray-Y2017-NEON.BET.D16.000425-NEON.BET.D16.000616                                  => True: 15 , DINO: 15 , Check?: 0, Merge?: 0
Anisodactylus_similis-Atray-Y2019-NEON.BET.D17.000947-NEON.BET.D17.001482                                      => True: 42 , DINO: 42 , Check?: 0, Merge?: 0
Pterostichus_pensylvanicus-Atray-Y2019-NEON.BET.D05.005841-NEON.BET.D05.006592                                 => True: 59 , DINO: 59 , Check?: 0, Merge?: 0
Cymindis_neglecta-Btray-Y2018-NEON.BET.D09.003138-NEON.BET.D09.004166                                          => True: 36 , DINO: 36 , Check?: 0, Merge?: 0
Carabus_taedatus-Atray-Y2018-NEON.BET.D13.001530-NEON.BET.D13.001965                                           => True: 48 , DINO: 48 , Check?: 0, Merge?: 0
Chlaenius_aestivus-Btray-Y2021-NEON.BET.D08.003304-NEON.BET.D08.003501                                         => True: 28 , DINO: 28 , Check?: 0, Merge?: 0
Harpalus_desertus-Atray-Y2021-NEON.BET.D10.013545-NEON.BET.D10.014989                                          => True: 78 , DINO: 78 , Check?: 0, Merge?: 0
Harpalus_solitaris-Btray-Y2020-NEON.BET.D19.000969-NEON.BET.D19.010221                                         => True: 12 , DINO: 12 , Check?: 0, Merge?: 0
Pterostichus_coracinus-Btray-Y2018-NEON.BET.D01.003182-NEON.BET.D01.003341                                     => True: 24 , DINO: 24 , Check?: 0, Merge?: 0
Pasimachus_elongatus-Atray-Y2015-NEON.BET.D10.003128-NEON.BET.D10.004177                                       => True: 23 , DINO: 23 , Check?: 0, Merge?: 0
Carabus_goryi-Atray-Y2018-NEON.BET.D07.005433-NEON.BET.D07.005540                                              => True: 46 , DINO: 46 , Check?: 0, Merge?: 0
Calathus_opaculus-Btray-Y2019-NEON.BET.D11.001845-NEON.BET.D11.001927                                          => True: 15 , DINO: 15 , Check?: 0, Merge?: 0
Tetracha_virginica-Atray-Y2020-NEON.BET.D06.006180-NEON.BET.D06.007219                                         => True: 44 , DINO: 44 , Check?: 0, Merge?: 0
Anisodactylus_ovularis-Btray-Y2018-NEON.BET.D02.006952-NEON.BET.D02.006984                                     => True: 29 , DINO: 29 , Check?: 0, Merge?: 0
Poecilus_lucublandus-Btray-Y2022-NEON.BET.D06.008819-NEON.BET.D06.008992                                       => True: 19 , DINO: 19 , Check?: 0, Merge?: 0
Pterostichus_coracinus-Atray-Y2019-NEON.BET.D02.007389-NEON.BET.D02.009052                                     => True: 47 , DINO: 47 , Check?: 0, Merge?: 0
Piosoma_setosum-Btray-Y2022-NEON.BET.D10.014599-NEON.BET.D10.015657                                            => True: 16 , DINO: 16 , Check?: 0, Merge?: 0
Harpalus_desertus-Btray-Y2020-NEON.BET.D10.012620-NEON.BET.D10.012887                                          => True: 14 , DINO: 14 , Check?: 0, Merge?: 0
Calathus_ingratus-Btray-Y2019-NEON.BET.D12.000700-NEON.BET.D12.001324                                          => True: N/A, DINO: 13 , Check?: 0, Merge?: 0
Cyclotrachelus_torvus-Btray-Y2018-NEON.BET.D09.004034-NEON.BET.D09.004096                                      => True: 27 , DINO: 27 , Check?: 0, Merge?: 0
Pasimachus_elongatus-Atray-Y2015-NEON.BET.D06.000359-NEON.BET.D06.000670                                       => True: 36 , DINO: 36 , Check?: 0, Merge?: 0
Pasimachus_elongatus-Atray-Y2017-NEON.BET.D09.002571-NEON.BET.D09.002588                                       => True: 15 , DINO: 15 , Check?: 0, Merge?: 0
Cymindis_cribricollis-Btray-Y2021-NEON.BET.D09.007696-NEON.BET.D09.007833                                      => True: 19 , DINO: 19 , Check?: 0, Merge?: 0
Harpalus_ellipsis-Atray-Y2018-NEON.BET.D10.007006-NEON.BET.D10.009815                                          => True: 54 , DINO: 54 , Check?: 0, Merge?: 0
Pasimachus_elongatus-Atray-Y2021-NEON.BET.D09.006863-NEON.BET.D09.007059                                       => True: 42 , DINO: 42 , Check?: 0, Merge?: 0
Pterostichus_herculaneus-Btray-Y2021-NEON.BET.D16.003609-NEON.BET.D16.004303                                   => True: 25 , DINO: 25 , Check?: 0, Merge?: 0
Pterostichus_restrictus-Atray-Y2018-NEON.BET.D10.007703-NEON.BET.D10.008219                                    => True: 44 , DINO: 44 , Check?: 0, Merge?: 0
Pterostichus_melanarius-Atray-Y2018-NEON.BET.D05.003835-NEON.BET.D05.003922                                    => True: N/A, DINO: 48 , Check?: 0, Merge?: 0
Carabus_serratus-Btray-Y2018-NEON.BET.D01.003102-NEON.BET.D01.003953                                           => True: 15 , DINO: 15 , Check?: 0, Merge?: 0
Dicaelus_purpuratus-Btray-Y2022-NEON.BET.D06.008860-NEON.BET.D06.009023                                        => True: 14 , DINO: 14 , Check?: 0, Merge?: 0
Cyclotrachelus_torvus-Btray-Y2018-NEON.BET.D09.003769-NEON.BET.D09.003954                                      => True: 27 , DINO: 27 , Check?: 0, Merge?: 0
Dicaelus_dilatatus-Atray-Y2020-NEON.BET.D07.009002-NEON.BET.D07.009473                                         => True: N/A, DINO: 13 , Check?: 0, Merge?: 0
Amara_crassispina-Atray-Y2022-NEON.BET.D11.002426-NEON.BET.D11.002954                                          => True: 33 , DINO: 33 , Check?: 0, Merge?: 0
Dicaelus_elongatus-Btray-Y2019-NEON.BET.D02.007340-NEON.BET.D02.008784                                         => True: 13 , DINO: 13 , Check?: 0, Merge?: 0
Carabus_vinctus-Btray-Y2022-NEON.BET.D02.011921-NEON.BET.D02.12281                                             => True: 12 , DINO: 12 , Check?: 0, Merge?: 0
Scaphinotus_angusticollis-Atray-Y2020-NEON.BET.D16.003523-NEON.BET.D16.003556                                  => True: 29 , DINO: 29 , Check?: 0, Merge?: 0
Carabus_goryi-Atray-Y2019-NEON.BET.D07.006821-NEON.BET.D07.007130                                              => True: 37 , DINO: 37 , Check?: 0, Merge?: 0
Poecilus_lucublandus-Atray-Y2018-NEON.BET.D09.002696-NEON.BET.D09.003302                                       => True: 47 , DINO: 47 , Check?: 0, Merge?: 0
Pterostichus_novus-Atray-Y2022-NEON.BET.D05.008833-NEON.BET.D05.008977                                         => True: 80 , DINO: 80 , Check?: 0, Merge?: 0
Scaphinotus_angusticollis-Atray-Y2020-NEON.BET.D16.003201-NEON.BET.D16.003522                                  => True: 29 , DINO: 29 , Check?: 0, Merge?: 0
Pterostichus_ordinarius-Atray-Y2022-NEON.BET.D17.002456-NEON.BET.D17.002701                                    => True: 31 , DINO: 31 , Check?: 0, Merge?: 0
Carabus_goryi-Atray-Y2022-NEON.BET.D07.012876-NEON.BET.D07.013082                                              => True: 43 , DINO: 43 , Check?: 0, Merge?: 0
Pterostichus_lachrymosus-Btray-Y2023-NEON.BET.D07.014604-NEON.BET.D07.014649                                   => True: 15 , DINO: 15 , Check?: 0, Merge?: 0
Pterostichus_novus-Atray-Y2020-NEON.BET.D05.007189-NEON.BET.D05.007241                                         => True: 34 , DINO: 34 , Check?: 0, Merge?: 0
Sphaeroderus_stenostomus-Btray-Y2021-NEON.BET.D07.011659-NEON.BET.D07.011908                                   => True: 16 , DINO: 16 , Check?: 0, Merge?: 0
Carabus_goryi-Atray-Y2022-NEON.BET.D07.012556-NEON.BET.D07.012838                                              => True: 40 , DINO: 40 , Check?: 0, Merge?: 0
Cratacanthus_dubius-Btray-Y2022-NEON.BET.D10.015886-NEON.BET.D10.016319                                        => True: 31 , DINO: 31 , Check?: 0, Merge?: 0
Cicindela_punctulata-Btray-Y2014-NEON.BET.D10.001213-NEON.BET.D10.002467                                       => True: 15 , DINO: 15 , Check?: 0, Merge?: 0
Cicindela_punctulata-Btray-Y2021-NEON.BET.D10.014082-NEON.BET.D10.015500                                       => True: N/A, DINO: 21 , Check?: 0, Merge?: 0
Anisodactylus_carbonarius-Btray-Y2019-NEON.BET.D10.010020-NEON.BET.D10.0121132                                 => True: 14 , DINO: 14 , Check?: 0, Merge?: 0
Amara_coelebs-Btray-Y2019-NEON.BET.D10.010024-NEON.BET.D10.012092                                              => True: 19 , DINO: 19 , Check?: 0, Merge?: 0
Metrius_contractus-Atray-Y2018-NEON.BET.D17.000523-NEON.BET.D17.000833                                         => True: 31 , DINO: 31 , Check?: 0, Merge?: 0
Anisodactylus_furvus-Btray-Y2019-NEON.BET.D07.005763-NEON.BET.D07.007352                                       => True: 14 , DINO: 14 , Check?: 0, Merge?: 0
Pterostichus_coracinus-Atray-Y2021-NEON.BET.D01.007168-NEON.BET.D01.007245                                     => True: 59 , DINO: 59 , Check?: 0, Merge?: 0
Calosoma_affine-Btray-Y2021-NEON.BET.D06.007600-NEON.BET.D06.008034                                            => True: 19 , DINO: 19 , Check?: 0, Merge?: 0
Carabus_sylvosus-Btray-Y2021-NEON.BET.D08.003089-NEON.BET.D08.003298                                           => True: 12 , DINO: 12 , Check?: 0, Merge?: 0
Carabus_goryi-Atray-Y2019-NEON.BET.D01.004415-NEON.BET.D01.004466                                              => True: 30 , DINO: 30 , Check?: 0, Merge?: 0
Anisodactylus_haplomus-Atray-Y2019-NEON.BET.D08.002591-NEON.BET.D08.003005                                     => True: 33 , DINO: 33 , Check?: 0, Merge?: 0
Sphaeroderus_stenostomus-Btray-Y2019-NEON.BET.D07.007809-NEON.BET.D07.008176                                   => True: 14 , DINO: 14 , Check?: 0, Merge?: 0
Pterostichus_tristis-Btray-Y2020-NEON.BET.D01.006131-NEON.BET.D01.006344                                       => True: 22 , DINO: 22 , Check?: 0, Merge?: 0
Pterostichus_rostratus-Atray-Y2019-NEON.BET.D07.006118-NEON.BET.D07.008095                                     => True: 41 , DINO: 41 , Check?: 0, Merge?: 0
Pasimachus_californicus-Atray-Y2018-NEON.BET.D11.001082-NEON.BET.D11.001114                                    => True: 27 , DINO: 27 , Check?: 0, Merge?: 0
Cyclotrachelus_freitagi-Btray-Y2023-NEON.BET.D07.014814-NEON.BET.D07.015137                                    => True: 21 , DINO: 21 , Check?: 0, Merge?: 0
Pterostichus_pensylvanicus-Btray-Y2022-NEON.BET.D01.008962-NEON.BET.D01.008988                                 => True: 21 , DINO: 21 , Check?: 0, Merge?: 0
Cyclotrachelus_sigillatus-Btray-Y2018-NEON.BET.D02.006041-NEON.BET.D02.006079                                  => True: 17 , DINO: 17 , Check?: 0, Merge?: 0
Pasimachus_elongatus-Atray-Y2021-NEON.BET.D10.014150-NEON.BET.D10.014580                                       => True: 38 , DINO: 38 , Check?: 0, Merge?: 0
Pterostichus_coracinus-Btray-Y2023-NEON.BET.D01.009152-NEON.BET.D01.009481                                     => True: 20 , DINO: 20 , Check?: 0, Merge?: 0
Pterostichus_melanarius-Atray-Y2019-NEON.BET.D05.006464-NEON.BET.D05.006515                                    => True: 49 , DINO: 49 , Check?: 0, Merge?: 0
Carabus_goryi-Atray-Y2022-NEON.BET.D07.012231-NEON.BET.D07.013595                                              => True: 34 , DINO: 34 , Check?: 0, Merge?: 0
Synuchus_impunctatus-Atray-Y2021-NEON.BET.D01.006643-NEON.BET.D01.007436                                       => True: 83 , DINO: 84 , Check?: 0, Merge?: 1
Dicaelus_teter-Atray-Y2019-NEON.BET.D07.005711-NEON.BET.D07.008152                                             => True: 30 , DINO: 30 , Check?: 0, Merge?: 0
Pterostichus_protractus-Atray-Y2021-NEON.BET.D10.014403-NEON.BET.D10.014853                                    => True: 55 , DINO: 55 , Check?: 0, Merge?: 0
Pterostichus_sp.-Atray-Y2021-NEON.BET.D02.011765-NEON.BET.D02.011840                                           => True: 60 , DINO: 60 , Check?: 0, Merge?: 0
Cyclotrachelus_sigillatus-Atray-Y2019-NEON.BET.D07.006647-NEON.BET.D07.008112                                  => True: 47 , DINO: 47 , Check?: 0, Merge?: 0
Poecilus_chalcites-Atray-Y2019-NEON.BET.D06.005552-NEON.BET.D06.005988                                         => True: 59 , DINO: 59 , Check?: 0, Merge?: 0
Tetracha_virginica-Btray-Y2019-NEON.BET.D06.004595-NEON.BET.D06.006045                                         => True: 26 , DINO: 26 , Check?: 0, Merge?: 0
Poecilus_lucublandus-Btray-Y2020-NEON.BET.D09.005726-NEON.BET.D09.006462                                       => True: 16 , DINO: 16 , Check?: 0, Merge?: 0
Harpalus_laticeps-Atray-Y2019-NEON.BET.D12.000694-NEON.BET.D12.001357                                          => True: 47 , DINO: 47 , Check?: 0, Merge?: 0
Dicaelus_furvus-Atray-Y2018-NEON.BET.D08.001949-NEON.BET.D08.002493                                            => True: 41 , DINO: 41 , Check?: 0, Merge?: 0
Calathus_ingratus-Btray-Y2022-NEON.BET.D01.008200-NEON.BET.D01.008855                                          => True: 29 , DINO: 29 , Check?: 0, Merge?: 0
Synuchus_impunctatus-Atray-Y2023-NEON.BET.D01.009503-NEON.BET.D01.009760                                       => True: 80 , DINO: 80 , Check?: 0, Merge?: 0
Anisodactylus_carbonarius-Btray-Y2020-NEON.BET.D10.013056-NEON.BET.D10.013212                                  => True: 23 , DINO: 23 , Check?: 0, Merge?: 0
Pasimachus_elongatus-Atray-Y2019-NEON.BET.D10.011365-NEON.BET.D10.011493                                       => True: 30 , DINO: 30 , Check?: 0, Merge?: 0
Anisodactylus_carbonarius-Atray-Y2019-NEON.BET.D10.010019-NEON.BET.D10.012161                                  => True: 63 , DINO: 63 , Check?: 0, Merge?: 0
Pasimachus_elongatus-Atray-Y2022-NEON.BET.D06.008131-NEON.BET.D06.008602                                       => True: 42 , DINO: 42 , Check?: 0, Merge?: 0
Cicindela_punctulata-Atray-Y2018-NEON.BET.D13.500803-NEON.BET.D13.500857                                       => True: 83 , DINO: 83 , Check?: 0, Merge?: 0
Harpalus_pensylvanicus-Btray-Y2018-NEON.BET.D06.003021-NEON.BET.D06.004207                                     => True: 27 , DINO: 27 , Check?: 0, Merge?: 0
Scaphinotus_angusticollis-Btray-Y2022-NEON.BET.D16.004360-NEON.BET.D16.004851                                  => True: 18 , DINO: 18 , Check?: 0, Merge?: 0
Cicindela_punctulata-Btray-Y2018-NEON.BET.D10.008670-NEON.BET.D10.009603                                       => True: 21 , DINO: 21 , Check?: 0, Merge?: 0
Carabus_taedatus-Atray-Y2019-NEON.BET.D12.000540-NEON.BET.D12.001045                                           => True: 42 , DINO: 42 , Check?: 0, Merge?: 0
Synuchus_impunctatus-Btray-Y2022-NEON.BET.D01.008578-NEON.BET.D01.008811                                       => True: 41 , DINO: 41 , Check?: 0, Merge?: 0
Amara_impuncticollis-Btray-Y2018-NEON.BET.D08.001923-NEON.BET.D08.002203                                       => True: 23 , DINO: 23 , Check?: 0, Merge?: 0
Pterostichus_tristis-Atray-Y2019-NEON.BET.D01.005073-NEON.BET.D01.005136                                       => True: 63 , DINO: 63 , Check?: 0, Merge?: 0
Chlaenius_aestivus-Atray-Y2022-NEON.BET.D02.012128-NEON.BET.D02.012582                                         => True: 49 , DINO: 49 , Check?: 0, Merge?: 0
Cyclotrachelus_torvus-Atray-Y2021-NEON.BET.D09.005608-NEON.BET.D09.007228                                      => True: 53 , DINO: 53 , Check?: 0, Merge?: 0
Dicaelus_purpuratus-Btray-Y2015-NEON.BET.D06.000030-NEON.BET.D06.000455                                        => True: 15 , DINO: 15 , Check?: 0, Merge?: 0
Pterostichus_herculaneus-Atray-Y2021-NEON.BET.D16.003579-NEON.BET.D16.004309                                   => True: 51 , DINO: 51 , Check?: 0, Merge?: 0
Pasimachus_elongatus-Atray-Y2021-NEON.BET.D06.007586-NEON.BET.D06.008032                                       => True: 27 , DINO: 27 , Check?: 0, Merge?: 0
Carabus_goryi-Atray-Y2018-NEON.BET.D01.003911-NEON.BET.D01.004195                                              => True: 37 , DINO: 37 , Check?: 0, Merge?: 0
Pterostichus_mutus-Btray-Y2019-NEON.BET.D02.007403-NEON.BET.D02.008871                                         => True: 10 , DINO: 10 , Check?: 0, Merge?: 0
Lebia_vittata-Btray-Y2019-NEON.BET.D12.001104-NEON.BET.D12.001192                                              => True: N/A, DINO: 23 , Check?: 0, Merge?: 0
Harpalus_ellipsis-Atray-Y2021-NEON.BET.D10.013614-NEON.BET.D10.014835                                          => True: 44 , DINO: 44 , Check?: 0, Merge?: 0
Synuchus_impunctatus-Atray-Y2020-NEON.BET.D01.005961-NEON.BET.D01.006358                                       => True: 70 , DINO: 70 , Check?: 0, Merge?: 0
Harpalus_desertus-Atray-Y2022-NEON.BET.D10.014651-NEON.BET.D10.016698                                          => True: 52 , DINO: 52 , Check?: 0, Merge?: 0
Pterostichus_coracinus-Atray-Y2018-NEON.BET.D07.004656-NEON.BET.D07.005061                                     => True: 42 , DINO: 42 , Check?: 0, Merge?: 0
Pterostichus_protractus-Atray-Y2018-NEON.BET.D10.007717-NEON.BET.D10.009545                                    => True: 60 , DINO: 60 , Check?: 0, Merge?: 0
Carabus_goryi-Atray-Y2021-NEON.BET.D01.006453-NEON.BET.D01.006518                                              => True: 41 , DINO: 41 , Check?: 0, Merge?: 0
Calathus_advena-Btray-Y2022-NEON.BET.D10.015530-NEON.BET.D10.015646                                            => True: 15 , DINO: 15 , Check?: 0, Merge?: 0
Cyclotrachelus_convivus-Atray-Y2022-NEON.BET.D08.003559-NEON.BET.D08.003957                                    => True: 71 , DINO: 71 , Check?: 0, Merge?: 0
Chlaenius_tomentosus-Btray-Y2021-NEON.BET.D02.010997-NEON.BET.D02.011049                                       => True: 20 , DINO: 20 , Check?: 0, Merge?: 0
Pterostichus_tristis-Btray-Y2018-NEON.BET.D01.003726-NEON.BET.D01.004151                                       => True: 18 , DINO: 18 , Check?: 0, Merge?: 0
Cymindis_cribricollis-Atray-Y2018-NEON.BET.D12.000494-NEON.BET.D12.000688                                      => True: 64 , DINO: 64 , Check?: 0, Merge?: 0
Pterostichus_pensylvanicus-Atray-Y2022-NEON.BET.D01.008268-NEON.BET.D01.008372                                 => True: 90 , DINO: 90 , Check?: 0, Merge?: 0
Pterostichus_rostratus-Btray-Y2020-NEON.BET.D01.005893-NEON.BET.D01.006309                                     => True: 26 , DINO: 26 , Check?: 0, Merge?: 0
Myas_cyanescens-Btray-Y2019-NEON.BET.D07.006277-NEON.BET.D07.007880                                            => True: 23 , DINO: 23 , Check?: 0, Merge?: 0
Metrius_contractus-Atray-Y2019-NEON.BET.D17.001348-NEON.BET.D17.001708                                         => True: 42 , DINO: 42 , Check?: 0, Merge?: 0
Pasimachus_elongatus-Atray-Y2022-NEON.BET.D10.016663-NEON.BET.D10.016767                                       => True: 33 , DINO: 33 , Check?: 0, Merge?: 0
Pterostichus_pensylvanicus-Btray-Y2019-NEON.BET.D01.005568-NEON.BET.D01.005592                                 => True: 21 , DINO: 21 , Check?: 0, Merge?: 0
Pasimachus_californicus-Atray-Y2015-NEON.BET.D11.000496-NEON.BET.D11.000528                                    => True: 28 , DINO: 28 , Check?: 0, Merge?: 0
Dicaelus_teter-Btray-Y2018-NEON.BET.D07.0004868-NEON.BET.D07.005657                                            => True: 15 , DINO: 15 , Check?: 0, Merge?: 0
Sphaeroderus_stenostomus-Btray-Y2019-NEON.BET.D02.007441-NEON.BET.D02.009083                                   => True: 16 , DINO: 16 , Check?: 0, Merge?: 0
Pasimachus_elongatus-Atray-Y2018-NEON.BET.D10.008840-NEON.BET.D10.009709                                       => True: 20 , DINO: 20 , Check?: 0, Merge?: 0
Dicaelus_dilatatus-Atray-Y2019-NEON.BET.D07.006660-NEON.BET.D07.007168                                         => True: 35 , DINO: 35 , Check?: 0, Merge?: 0
Pterostichus_tristis-Atray-Y2021-NEON.BET.D01.007322-NEON.BET.D01.007393                                       => True: 59 , DINO: 59 , Check?: 0, Merge?: 0
Amara_quenseli-Btray-Y2018-NEON.BET.D13.001548-NEON.BET.D13.008099                                             => True: 27 , DINO: 27 , Check?: 0, Merge?: 0
Metrius_contractus-Atray-Y2018-NEON.BET.D17.000328-NEON.BET.D17.000521                                         => True: 48 , DINO: 48 , Check?: 0, Merge?: 0
Synuchus_impunctatus-Btray-Y2019-NEON.BET.D05.005671-NEON.BET.D05.005706                                       => True: 34 , DINO: 34 , Check?: 0, Merge?: 0
Chlaenius_emarginatus-Btray-Y2019-NEON.BET.D02.007316-NEON.BET.D02.008435                                      => True: 15 , DINO: 15 , Check?: 0, Merge?: 0
Amara_conflata-Atray-Y2022-NEON.BET.D17.002507-NEON.BET.D17.002657                                             => True: 49 , DINO: 49 , Check?: 0, Merge?: 0
Dicaelus_teter-Btray-Y2022-NEON.BET.D07.012931-NEON.BET.D07.013919                                             => True: 23 , DINO: 23 , Check?: 0, Merge?: 0
Pterostichus_herculaneus-Atray-Y2020-NEON.BET.D16.003187-NEON.BET.D16.003516                                   => True: 50 , DINO: 50 , Check?: 0, Merge?: 0
Pterostichus_lachrymosus-Atray-Y2021-NEON.BET.D07.011195-NEON.BET.D07.011921                                   => True: 71 , DINO: 71 , Check?: 0, Merge?: 0
Pterostichus_pensylvanicus-Atray-Y2023-NEON.BET.D01.009122-NEON.BET.D01.009477                                 => True: N/A, DINO: 71 , Check?: 0, Merge?: 0
Pterostichus_panticulatus-Btray-Y2019-NEON.BET.D17.001831-NEON.BET.D17.001840                                  => True: 5  , DINO: 5  , Check?: 0, Merge?: 0
Pasimachus_elongatus-Atray-Y2018-NEON.BET.D06.003365-NEON.BET.D06.003546                                       => True: 29 , DINO: 29 , Check?: 0, Merge?: 0
Pterostichus_moestus-Atray-Y2018-NEON.BET.D07.003315-NEON.BET.D07.004686                                       => True: 42 , DINO: 42 , Check?: 0, Merge?: 0
Synuchus_impunctatus-Btray-Y2020-NEON.BET.D01.005960-NEON.BET.D01.006423                                       => True: 32 , DINO: 32 , Check?: 0, Merge?: 0
Pasimachus_californicus-Atray-Y2019-NEON.BET.D11.001584-NEON.BET.D11.001613                                    => True: 30 , DINO: 30 , Check?: 0, Merge?: 0
Cymindis_planipennis-Btray-Y2020-NEON.BET.D10.009918-NEON.BET.D10.012906                                       => True: 12 , DINO: 12 , Check?: 0, Merge?: 0
Agonum_quinquepunctatum-Btray-Y2019-NEON.BET.D18.001251-NEON.BET.D18.001797                                    => True: 20 , DINO: 20 , Check?: 0, Merge?: 0
Tetracha_virginica-Btray-Y2019-NEON.BET.D11.001443-NEON.BET.D11.001463                                         => True: 21 , DINO: 21 , Check?: 0, Merge?: 0
Pterostichus_permundus-Btray-Y2020-NEON.BET.D02.009592-NEON.BET.D02.009624                                     => True: 29 , DINO: 29 , Check?: 0, Merge?: 0
Omus_dejeanii-Btray-Y2019-NEON.BET.D16.002259-NEON.BET.D16.003092                                              => True: 19 , DINO: 19 , Check?: 0, Merge?: 0
Pterostichus_coracinus-Atray-Y2018-NEON.BET.D07.003307-NEON.BET.D07.004457                                     => True: 42 , DINO: 42 , Check?: 0, Merge?: 0
Sphaeroderus_stenostomus-Atray-Y2018-NEON.BET.D01.003833-NEON.BET.D01.004251                                   => True: 48 , DINO: 48 , Check?: 0, Merge?: 0
Dicheirus_piceus-Btray-Y2021-NEON.BET.D17.001004-NEON.BET.D17.002029                                           => True: 27 , DINO: 27 , Check?: 0, Merge?: 0
Omus_dejeanii-Atray-Y2019-NEON.BET.D16.002156-NEON.BET.D16.002205                                              => True: 33 , DINO: 33 , Check?: 0, Merge?: 0
Scarites_ocalensis-Btray-Y2019-NEON.BET.D03.002653-NEON.BET.D03.002709                                         => True: 18 , DINO: 18 , Check?: 0, Merge?: 0
Harpalus_pensylvanicus-Atray-Y2020-NEON.BET.D10.012803-NEON.BET.D10.013373                                     => True: 28 , DINO: 28 , Check?: 0, Merge?: 0
Promecognathus_crassus-Btray-Y2017-NEON.BET.D16.000371-NEON.BET.D16.000488                                     => True: 21 , DINO: 21 , Check?: 0, Merge?: 0
Carabus_goryi-Atray-Y2017-NEON.BET.D07.001676-NEON.BET.D07.001993                                              => True: 42 , DINO: 42 , Check?: 0, Merge?: 0
Amara_obesa-Btray-Y2020-NEON.BET.D09.005849-NEON.BET.D09.006427                                                => True: 12 , DINO: 12 , Check?: 0, Merge?: 0
Discoderus_parallelus-Btray-Y2018-NEON.BET.D10.007669-NEON.BET.D10.009614                                      => True: 27 , DINO: 27 , Check?: 0, Merge?: 0
Pasimachus_californicus-Atray-Y2022-NEON.BET.D11.002964-NEON.BET.D11.002994                                    => True: 31 , DINO: 31 , Check?: 0, Merge?: 0
Dicaelus_furvus-Btray-Y2018-NEON.BET.D07.003427-NEON.BET.D07.005941                                            => True: 10 , DINO: 10 , Check?: 0, Merge?: 0
Carabus_goryi-Atray-Y2019-NEON.BET.D07.007856-NEON.BET.D07.008012                                              => True: 36 , DINO: 36 , Check?: 0, Merge?: 0
Chlaenius_aestivus-Btray-Y2018-NEON.BET.D08.001938-NEON.BET.D08.002401                                         => True: 17 , DINO: 17 , Check?: 0, Merge?: 0
Pasimachus_elongatus-Atray-Y2015-NEON.BET.D06.000359-NEON.BET.D06.000670                                       => True: 36 , DINO: 36 , Check?: 0, Merge?: 0
Cyclotrachelus_torvus-Btray-Y2018-NEON.BET.D10.008110-NEON.BET.D10.009358                                      => True: 19 , DINO: 19 , Check?: 0, Merge?: 0
Cymindis_neglecta-Atray-Y2018-NEON.BET.D01.003592-NEON.BET.D01.004334                                          => True: 48 , DINO: 48 , Check?: 0, Merge?: 0
Pterostichus_herculaneus-Atray-Y2019-NEON.BET.D16.002883-NEON.BET.D16.003149                                   => True: 36 , DINO: 36 , Check?: 0, Merge?: 0
Poecilus_lucublandus-Btray-Y2020-NEON.BET.D02.009500-NEON.BET.D02.009529                                       => True: 18 , DINO: 18 , Check?: 0, Merge?: 0
Scaphinotus_oreophilus-Atray-Y2019-NEON.BET.D17.000948-NEON.BET.D17.001670                                     => True: 36 , DINO: 36 , Check?: 0, Merge?: 0
Harpalus_spadiceus-Btray-Y2022-NEON.BET.D07.012425-NEON.BET.D07.013600                                         => True: 18 , DINO: 18 , Check?: 0, Merge?: 0
Pterostichus_pensylvanicus-Atray-Y2019-NEON.BET.D01.005502-NEON.BET.D01.005566                                 => True: 51 , DINO: 51 , Check?: 0, Merge?: 0
Pasimachus_elongatus-Btray-Y2019-NEON.BET.D10.010738-NEON.BET.D10.011573                                       => True: N/A, DINO: 7  , Check?: 0, Merge?: 0
Pterostichus_mutus-Atray-Y2022-NEON.BET.D07.012202-NEON.BET.D07.013348                                         => True: 33 , DINO: 33 , Check?: 0, Merge?: 0
Synuchus_impunctatus-Atray-Y2021-NEON.BET.D01.007438-NEON.BET.D01.007530                                       => True: 84 , DINO: 84 , Check?: 0, Merge?: 0
Pasimachus_californicus-Atray-Y2019-NEON.BET.D11.001757-NEON.BET.D11.001781                                    => True: 20 , DINO: 20 , Check?: 0, Merge?: 0
Carabus_goryi-Atray-Y2019-NEON.BET.D07.007568-NEON.BET.D07.007855                                              => True: 38 , DINO: 38 , Check?: 0, Merge?: 0
Cymindis_planipennis-Atray-Y2018-NEON.BET.D15.000751-NEON.BET.D15.000930                                       => True: 64 , DINO: 64 , Check?: 0, Merge?: 0
Carabus_goryi-Atray-Y2018-NEON.BET.D01.003881-NEON.BET.D01.003936                                              => True: 36 , DINO: 36 , Check?: 0, Merge?: 0
Carabus_goryi-Atray-Y2017-NEON.BET.D07.001579-NEON.BET.D07.001648                                              => True: 33 , DINO: 33 , Check?: 0, Merge?: 0
Pterostichus_pumilus-Atray-Y2019-NEON.BET.D16.002540-NEON.BET.D16.002765                                       => True: 49 , DINO: 49 , Check?: 0, Merge?: 0
Pterostichus_sp.-Atray-Y2018-NEON.BET.D02.005933-NEON.BET.D02.005983                                           => True: 46 , DINO: 46 , Check?: 0, Merge?: 0
Harpalus_pensylvanicus-Atray-Y2020-NEON.BET.D06.006949-NEON.BET.D06.007297                                     => True: 61 , DINO: 61 , Check?: 0, Merge?: 0
Cyclotrachelus_freitagi-Btray-Y2020-NEON.BET.D07.009102-NEON.BET.D07.009397                                    => True: 17 , DINO: 17 , Check?: 0, Merge?: 0
Harpalus_desertus-Atray-Y2019-NEON.BET.D10.009949-NEON.BET.D10.012172                                          => True: 73 , DINO: 73 , Check?: 0, Merge?: 0
Pasimachus_elongatus-Btray-Y2020-NEON.BET.D09.005706-NEON.BET.D09.006378                                       => True: 12 , DINO: 12 , Check?: 0, Merge?: 0
Galerita_atripes-Atray-Y2019-NEON.BET.D06.004238-NEON.BET.D06.005255                                           => True: 30 , DINO: 30 , Check?: 0, Merge?: 0
Chlaenius_aestivus-Atray-Y2021-NEON.BET.D02.011234-NEON.BET.D02.011301                                         => True: 56 , DINO: 56 , Check?: 0, Merge?: 0
Omus_californicus-Btray-Y2018-NEON.BET.D17.000378-NEON.BET.D17.000396                                          => True: 14 , DINO: 14 , Check?: 0, Merge?: 0
Pterostichus_tristis-Btray-Y2022-NEON.BET.D07.012946-NEON.BET.D07.013951                                       => True: 17 , DINO: 17 , Check?: 0, Merge?: 0
Pterostichus_moestus-Btray-Y2021-NEON.BET.D07.008250-NEON.BET.D07.011893                                       => True: 26 , DINO: 26 , Check?: 0, Merge?: 0
Galerita_bicolor-Btray-Y2022-NEON.BET.D07.012410-NEON.BET.D07.014012                                           => True: 24 , DINO: 24 , Check?: 0, Merge?: 0
Harpalus_desertus-Btray-Y2020-NEON.BET.D10.009829-NEON.BET.D10.012900                                          => True: 12 , DINO: 12 , Check?: 0, Merge?: 0
Carabus_taedatus-Btray-Y2019-NEON.BET.D12.000692-NEON.BET.D12.001261                                           => True: 15 , DINO: 15 , Check?: 0, Merge?: 0
Pterostichus_lachrymosus-Atray-Y2022-NEON.BET.D01.008242-NEON.BET.D01.008960                                   => True: 43 , DINO: 43 , Check?: 0, Merge?: 0
Pterostichus_trinarius-Atray-Y2018-NEON.BET.D02.005802-NEON.BET.D02.005865                                     => True: 56 , DINO: 56 , Check?: 0, Merge?: 0
Carabus_taedatus-Atray-Y2023-NEON.BET.D13.003173-NEON.BET.D13.003480                                           => True: 19 , DINO: 19 , Check?: 0, Merge?: 0
Harpalus_herbivagus-Atray-Y2018-NEON.BET.D10.008066-NEON.BET.D10.009341                                        => True: 42 , DINO: 43 , Check?: 0, Merge?: 1
Pterostichus_restrictus-Btray-Y2018-NEON.BET.D13.001894-NEON.BET.D13.001977                                    => True: 27 , DINO: 27 , Check?: 0, Merge?: 0
Pterostichus_novus-Atray-Y2018-NEON.BET.D05.004821-NEON.BET.D05.004980                                         => True: 53 , DINO: 53 , Check?: 0, Merge?: 0
Pterostichus_pensylvanicus-Btray-Y2020-NEON.BET.D01.005908-NEON.BET.D01.006298                                 => True: 24 , DINO: 24 , Check?: 0, Merge?: 0
Pasimachus_californicus-Atray-Y2020-NEON.BET.D06.006520-NEON.BET.D06.006696                                    => True: 25 , DINO: 25 , Check?: 0, Merge?: 0
Harpalus_solitaris-Btray-Y2018-NEON.BET.D19.000447-NEON.BET.D19.000572                                         => True: 22 , DINO: 22 , Check?: 0, Merge?: 0
Pterostichus_pensylvanicus-Atray-Y2021-NEON.BET.D01.007580-NEON.BET.D01.007680                                 => True: 83 , DINO: 83 , Check?: 0, Merge?: 0
Pterostichus_protractus-Btray-Y2018-NEON.BET.D10.009545-NEON.BET.D10.009589                                    => True: 14 , DINO: 14 , Check?: 0, Merge?: 0
Carabus_goryi-Atray-Y2018-NEON.BET.D01.003937-NEON.BET.D01.003986                                              => True: 40 , DINO: 40 , Check?: 0, Merge?: 0
Cyclotrachelus_convivus-Atray-Y2019-NEON.BET.D08.002552-NEON.BET.D08.002736                                    => True: 37 , DINO: 37 , Check?: 0, Merge?: 0
Carabus_truncaticollis-Atray-Y2019-NEON.BET.D18.001318-NEON.BET.D18.001400                                     => True: 65 , DINO: 65 , Check?: 0, Merge?: 0
Chlaenius_emarginatus-Btray-Y2018-NEON.BET.D11.001366-NEON.BET.D11.001381                                      => True: 10 , DINO: 10 , Check?: 0, Merge?: 0
Pterostichus_caribou-Btray-Y2019-NEON.BET.D18.001835-NEON.BET.D18.002169                                       => True: 20 , DINO: 20 , Check?: 0, Merge?: 0
Pterostichus_acutipes-Btray-Y2018-NEON.BET.D07.003442-NEON.BET.D07.005619                                      => True: 22 , DINO: 22 , Check?: 0, Merge?: 0
Pterostichus_serripes-Atray-Y2019-NEON.BET.D17.000933-NEON.BET.D17.001273                                      => True: 42 , DINO: 42 , Check?: 0, Merge?: 0
Pasimachus_elongatus-Atray-Y2020-NEON.BET.D10.012630-NEON.BET.D10.012896                                       => True: 36 , DINO: 36 , Check?: 0, Merge?: 0
Pterostichus_stygicus-Btray-Y2018-NEON.BET.D07.003298-NEON.BET.D07.005398                                      => True: 10 , DINO: 10 , Check?: 0, Merge?: 0
Pasimachus_californicus-Atray-Y2021-NEON.BET.D11.002023-NEON.BET.D11.002055                                    => True: 28 , DINO: 28 , Check?: 0, Merge?: 0
Pterostichus_atratus-Btray-Y2019-NEON.BET.D08.002627-NEON.BET.D08.002793                                       => True: 16 , DINO: 16 , Check?: 0, Merge?: 0
Pasimachus_elongatus-Atray-Y2022-NEON.BET.D10.016232-NEON.BET.D10.016296                                       => True: 34 , DINO: 34 , Check?: 0, Merge?: 0
Calathus_ingratus-Btray-Y2021-NEON.BET.D01.007697-NEON.BET.D01.007714                                          => True: 18 , DINO: 18 , Check?: 0, Merge?: 0
Cyclotrachelus_constrictus-Btray-Y2019-NEON.BET.D11.001889-NEON.BET.D11.001951                                 => True: 9  , DINO: 9  , Check?: 0, Merge?: 0
Chlaenius_aestivus-Atray-Y2019-NEON.BET.D02.007633-NEON.BET.D02.008990                                         => True: 34 , DINO: 34 , Check?: 0, Merge?: 0
Pterostichus_panticulatus-Atray-Y2022-NEON.BET.D17.002453-NEON.BET.D17.002716                                  => True: 28 , DINO: 28 , Check?: 0, Merge?: 0
Carabus_goryi-Atray-Y2022-NEON.BET.D07.013297-NEON.BET.D07.013591                                              => True: 42 , DINO: 42 , Check?: 0, Merge?: 0
Cymindis_neglecta-Btray-Y2019-NEON.BET.D09.004580-NEON.BET.D09.005571                                          => True: 17 , DINO: 17 , Check?: 0, Merge?: 0
Cratacanthus_dubius-Btray-Y2022-NEON.BET.D10.014634-NEON.BET.D10.016370                                        => True: 35 , DINO: 35 , Check?: 0, Merge?: 0
Cyclotrachelus_constrictus-Btray-Y2018-NEON.BET.D10.007902-NEON.BET.D10.009669                                 => True: 11 , DINO: 11 , Check?: 0, Merge?: 0
Cymindis_neglecta-Btray-Y2021-NEON.BET.D01.006753-NEON.BET.D01.007810                                          => True: 27 , DINO: 27 , Check?: 0, Merge?: 0
Cychrus_tuberculatus-Btray-Y2019-NEON.BET.D16.002603-NEON.BET.D16.003169                                       => True: 14 , DINO: 14 , Check?: 0, Merge?: 0
Pasimachus_californicus-Atray-Y2015-NEON.BET.D11.000374-NEON.BET.D11.000411                                    => True: N/A, DINO: 26 , Check?: 0, Merge?: 0
Carabus_sylvosus-Btray-Y2021-NEON.BET.D05.007877-NEON.BET.D05.008092                                           => True: 20 , DINO: 20 , Check?: 0, Merge?: 0
Pasimachus_elongatus-Atray-Y2021-NEON.BET.D10.013552-NEON.BET.D10.015314                                       => True: 29 , DINO: 29 , Check?: 0, Merge?: 0
Promecognathus_crassus-Atray-Y2019-NEON.BET.D16.002221-NEON.BET.D16.002858                                     => True: 48 , DINO: 48 , Check?: 0, Merge?: 0
Pterostichus_protractus-Btray-Y2019-NEON.BET.D12.000698-NEON.BET.D12.001325                                    => True: 18 , DINO: 18 , Check?: 0, Merge?: 0
Calathus_advena-Btray-Y2018-NEON.BET.D13.001553-NEON.BET.D13.001958                                            => True: 20 , DINO: 20 , Check?: 0, Merge?: 0
Pterostichus_acutipes-Atray-Y2021-NEON.BET.D07.009993-NEON.BET.D07.011226                                      => True: 69 , DINO: 69 , Check?: 0, Merge?: 0
Cyclotrachelus_torvus-Btray-Y2022-NEON.BET.D10.015786-NEON.BET.D10.016624                                      => True: 15 , DINO: 15 , Check?: 0, Merge?: 0
Omus_dejeanii-Atray-Y2019-NEON.BET.D16.002173-NEON.BET.D16.002244                                              => True: 32 , DINO: 32 , Check?: 0, Merge?: 0
Carabus_truncaticollis-Btray-Y2021-NEON.BET.D18.002634-NEON.BET.D18.002722                                     => True: 52 , DINO: 52 , Check?: 0, Merge?: 0
Cyclotrachelus_sigillatus-Atray-Y2019-NEON.BET.D02.007298-NEON.BET.D02.008545                                  => True: 56 , DINO: 56 , Check?: 0, Merge?: 0
Amara_lindrothi-Btray-Y2018-NEON.BET.D13.001592-NEON.BET.D13.001919                                            => True: 24 , DINO: 24 , Check?: 0, Merge?: 0
Anisodactylus_similis-Atray-Y2019-NEON.BET.D17.001591-NEON.BET.D17.001762                                      => True: 33 , DINO: 33 , Check?: 0, Merge?: 0
Zacotus_matthewsii-Btray-Y2019-NEON.BET.D16.003053-NEON.BET.D16.003154                                         => True: 16 , DINO: 16 , Check?: 0, Merge?: 0
Brachinus_fumans-Btray-Y2019-NEON.BET.D02.007286-NEON.BET.D02.007981                                           => True: 17 , DINO: 17 , Check?: 0, Merge?: 0
Chlaenius_sericeus-Btray-Y2020-NEON.BET.D09.005915-NEON.BET.D09.006667                                         => True: 11 , DINO: 11 , Check?: 0, Merge?: 0
Amara_alpina-Btray-Y2019-NEON.BET.D13.002013-NEON.BET.D13.002331                                               => True: 21 , DINO: 21 , Check?: 0, Merge?: 0
Cyclotrachelus_sodalis-Atray-Y2019-NEON.BET.D06.004572-NEON.BET.D06.005243                                     => True: N/A, DINO: 27 , Check?: 0, Merge?: 0
Pasimachus_californicus-Atray-Y2021-NEON.BET.D11.002117-NEON.BET.D11.002147                                    => True: 30 , DINO: 30 , Check?: 0, Merge?: 0
Chlaenius_emarginatus-Btray-Y2021-NEON.BET.D02.010546-NEON.BET.D02.011124                                      => True: 20 , DINO: 20 , Check?: 0, Merge?: 0
Pasimachus_elongatus-Atray-Y2022-NEON.BET.D10.015725-NEON.BET.D10.015917                                       => True: 24 , DINO: 24 , Check?: 0, Merge?: 0
Poecilus_chalcites-Btray-Y2019-NEON.BET.D06.005998-NEON.BET.D06.006116                                         => True: 14 , DINO: 14 , Check?: 0, Merge?: 0
Pasimachus_californicus-Atray-Y2021-NEON.BET.D11.001990-NEON.BET.D11.002022                                    => True: 27 , DINO: 27 , Check?: 0, Merge?: 0
Calosoma_sponsa-Atray-Y2019-NEON.BET.D13.500969-NEON.BET.D13.501083                                            => True: 36 , DINO: 36 , Check?: 0, Merge?: 0
Pasimachus_punctulatus-Btray-Y2022-NEON.BET.D07.012199-NEON.BET.D07.013770                                     => True: 10 , DINO: 10 , Check?: 0, Merge?: 0
Pterostichus_adoxus-Atray-Y2019-NEON.BET.D01.004672-NEON.BET.D01.005635                                        => True: 29 , DINO: 29 , Check?: 0, Merge?: 0
Dicaelus_dilatatus-Btray-Y2021-NEON.BET.D08.003094-NEON.BET.D08.003494                                         => True: 14 , DINO: 14 , Check?: 0, Merge?: 0
Pterostichus_mutus-Btray-Y2020-NEON.BET.D07.009157-NEON.BET.D07.009383                                         => True: 12 , DINO: 12 , Check?: 0, Merge?: 0
Synuchus_impunctatus-Btray-Y2022-NEON.BET.D01.008105-NEON.BET.D01.009088                                       => True: 37 , DINO: 38 , Check?: 0, Merge?: 1
Piosoma_setosum-Btray-Y2018-NEON.BET.D10.007670-NEON.BET.D10.009734                                            => True: 17 , DINO: 17 , Check?: 0, Merge?: 0
Pasimachus_elongatus-Atray-Y2015-NEON.BET.D06.000674-NEON.BET.D06.000725                                       => True: 36 , DINO: 36 , Check?: 0, Merge?: 0
Pasimachus_californicus-Atray-Y2022-NEON.BET.D06.008719-NEON.BET.D06.008780                                    => True: N/A, DINO: 22 , Check?: 0, Merge?: 0
Sphaeroderus_canadensis-Btray-Y2018-NEON.BET.D07.003317-NEON.BET.D07.005631                                    => True: 23 , DINO: 23 , Check?: 0, Merge?: 0
Anisodactylus_similis-Atray-Y2019-NEON.BET.D17.001483-NEON.BET.D17.001590                                      => True: 42 , DINO: 42 , Check?: 0, Merge?: 0
Cymindis_cribricollis-Atray-Y2021-NEON.BET.D12.001518-NEON.BET.D12.001575                                      => True: 51 , DINO: 51 , Check?: 0, Merge?: 0
Poecilus_lucublandus-Btray-Y2021-NEON.BET.D02.010092-NEON.BET.D02.011885                                       => True: 23 , DINO: 23 , Check?: 0, Merge?: 0
Harpalus_spadiceus-Btray-Y2022-NEON.BET.D07.012282-NEON.BET.D07.012478                                         => True: 12 , DINO: 12 , Check?: 0, Merge?: 0
Synuchus_impunctatus-Btray-Y2018-NEON.BET.D05.005160-NEON.BET.D05.005189                                       => True: 27 , DINO: 27 , Check?: 0, Merge?: 0
Harpalus_opacipennis-Atray-Y2018-NEON.BET.D12.000214-NEON.BET.D12.000389                                       => True: 60 , DINO: 60 , Check?: 0, Merge?: 0
Pasimachus_punctulatus-Atray-Y2019-NEON.BET.D07.005847-NEON.BET.D07.006525                                     => True: 18 , DINO: 18 , Check?: 0, Merge?: 0
Scaphinotus_oreophilus-Atray-Y2018-NEON.BET.D17.000483-NEON.BET.D17.000820                                     => True: 28 , DINO: 28 , Check?: 0, Merge?: 0
Chlaenius_aestivus-Atray-Y2019-NEON.BET.D02.008230-NEON.BET.D02.008292                                         => True: 57 , DINO: 57 , Check?: 0, Merge?: 0
Amara_carinata-Btray-Y2019-NEON.BET.D10.010758-NEON.BET.D10.012093                                             => True: 33 , DINO: 33 , Check?: 0, Merge?: 0
Pterostichus_acutipes-Btray-Y2019-NEON.BET.D07.007899-NEON.BET.D07.008078                                      => True: 15 , DINO: 15 , Check?: 0, Merge?: 0
Amara_quenseli-Btray-Y2022-NEON.BET.D13.002943-NEON.BET.D13.003140                                             => True: 30 , DINO: 30 , Check?: 0, Merge?: 0
Poecilus_lucublandus-Btray-Y2022-NEON.BET.D09.007885-NEON.BET.D09.008805                                       => True: 11 , DINO: 11 , Check?: 0, Merge?: 0
Pterostichus_mutus-Btray-Y2019-NEON.BET.D05.006154-NEON.BET.D05.006198                                         => True: 13 , DINO: 13 , Check?: 0, Merge?: 0
Carabus_truncaticollis-Atray-Y2018-NEON.BET.D18.000739-NEON.BET.D18.000869                                     => True: 64 , DINO: 64 , Check?: 0, Merge?: 0
Cyclotrachelus_torvus-Btray-Y2018-NEON.BET.D09.002752-NEON.BET.D09.003765                                      => True: 27 , DINO: 27 , Check?: 0, Merge?: 0
Pterostichus_novus-Atray-Y2021-NEON.BET.D05.008390-NEON.BET.D05.008458                                         => True: 43 , DINO: 43 , Check?: 0, Merge?: 0
Pterostichus_protractus-Btray-Y2020-NEON.BET.D10.013285-NEON.BET.D10.013525                                    => True: 23 , DINO: 23 , Check?: 0, Merge?: 0
Poecilus_lucublandus-Btray-Y2018-NEON.BET.D02.005658-NEON.BET.D02.005695                                       => True: 15 , DINO: 15 , Check?: 0, Merge?: 0
Synuchus_impunctatus-Atray-Y2019-NEON.BET.D05.005603-NEON.BET.D05.005670                                       => True: 65 , DINO: 65 , Check?: 0, Merge?: 0
Harpalus_pensylvanicus-Atray-Y2019-NEON.BET.D06.005901-NEON.BET.D06.006132                                     => True: 37 , DINO: 37 , Check?: 0, Merge?: 0
Dicaelus_dilatatus-Btray-Y2022-NEON.BET.D02.011958-NEON.BET.D02.13422                                          => True: N/A, DINO: 16 , Check?: 0, Merge?: 0
Pterostichus_tristis-Atray-Y2018-NEON.BET.D01.003226-NEON.BET.D01.003731                                       => True: 43 , DINO: 43 , Check?: 0, Merge?: 0
Pterostichus_coracinus-Atray-Y2021-NEON.BET.D05.007643-NEON.BET.D05.008149                                     => True: 70 , DINO: 70 , Check?: 0, Merge?: 0
Pterostichus_melanarius-Btray-Y2018-NEON.BET.D09.003453-NEON.BET.D09.003898                                    => True: 30 , DINO: 30 , Check?: 0, Merge?: 0
Pasimachus_elongatus-Atray-Y2017-NEON.BET.D09.002571-NEON.BET.D09.002588                                       => True: 15 , DINO: 15 , Check?: 0, Merge?: 0
Pterostichus_permundus-Btray-Y2019-NEON.BET.D06.005993-NEON.BET.D06.006136                                     => True: 20 , DINO: 20 , Check?: 0, Merge?: 0
Carabus_goryi-Atray-Y2022-NEON.BET.D07.011999-NEON.BET.D07.012127                                              => True: 44 , DINO: 44 , Check?: 0, Merge?: 0
Pterostichus_lachrymosus-Atray-Y2021-NEON.BET.D07.009638-NEON.BET.D07.011881                                   => True: 66 , DINO: 66 , Check?: 0, Merge?: 0
Pasimachus_californicus-Atray-Y2022-NEON.BET.D06.008491-NEON.BET.D06.008573                                    => True: 25 , DINO: 25 , Check?: 0, Merge?: 0
Chlaenius_aestivus-Atray-Y2018-NEON.BET.D02.006618-NEON.BET.D02.006674                                         => True: 50 , DINO: 50 , Check?: 0, Merge?: 0
Cyclotrachelus_torvus-Btray-Y2015-NEON.BET.D10.003201-NEON.BET.D10.004172                                      => True: 18 , DINO: 18 , Check?: 0, Merge?: 0
Carabus_goryi-Atray-Y2019-NEON.BET.D07.007318-NEON.BET.D07.007468                                              => True: 37 , DINO: 37 , Check?: 0, Merge?: 0
Cyclotrachelus_torvus-Btray-Y2020-NEON.BET.D09.006304-NEON.BET.D09.006430                                      => True: 28 , DINO: 28 , Check?: 0, Merge?: 0
Pterostichus_coracinus-Btray-Y2019-NEON.BET.D01.004754-NEON.BET.D01.005283                                     => True: 26 , DINO: 26 , Check?: 0, Merge?: 0
Pasimachus_elongatus-Btray-Y2022-NEON.BET.D06.008687-NEON.BET.D06.008781                                       => True: 13 , DINO: 13 , Check?: 0, Merge?: 0
Pasimachus_elongatus-Atray-Y2020-NEON.BET.D10.012508-NEON.BET.D10.012629                                       => True: 36 , DINO: 36 , Check?: 0, Merge?: 0
Amara_carinata-Atray-Y2014-NEON.BET.D10.000968-NEON.BET.D10.001766                                             => True: 72 , DINO: 72 , Check?: 0, Merge?: 0
Dicaelus_purpuratus-Btray-Y2018-NEON.BET.D06.002907-NEON.BET.D06.003130                                        => True: 10 , DINO: 10 , Check?: 0, Merge?: 0
Carabus_goryi-Atray-Y2021-NEON.BET.D07.009707-NEON.BET.D07.009818                                              => True: 48 , DINO: 48 , Check?: 0, Merge?: 0
Carabus_goryi-Atray-Y2022-NEON.BET.D07.012423-NEON.BET.D07.012555                                              => True: 42 , DINO: 42 , Check?: 0, Merge?: 0
Pterostichus_melanarius-Btray-Y2020-NEON.BET.D05.007174-NEON.BET.D05.007491                                    => True: 42 , DINO: 42 , Check?: 0, Merge?: 0
Harpalus_opacipennis-Atray-Y2019-NEON.BET.D12.000696-NEON.BET.D12.001230                                       => True: 48 , DINO: 48 , Check?: 0, Merge?: 0
Pterostichus_restrictus-Btray-Y2020-NEON.BET.D13.002368-NEON.BET.D13.002554                                    => True: 23 , DINO: 23 , Check?: 0, Merge?: 0
Harpalus_pensylvanicus-Btray-Y2017-NEON.BET.D09.002368-NEON.BET.D09.002446                                     => True: 11 , DINO: 11 , Check?: 0, Merge?: 0
Chlaenius_emarginatus-Btray-Y2022-NEON.BET.D07.012334-NEON.BET.D07.013470                                      => True: 15 , DINO: 15 , Check?: 0, Merge?: 0
Cyclotrachelus_freitagi-Btray-Y2019-NEON.BET.D07.005708-NEON.BET.D07.007911                                    => True: 19 , DINO: 19 , Check?: 0, Merge?: 0
Amara_quenseli-Atray-Y2018-NEON.BET.D15.000463-NEON.BET.D15.000559                                             => True: N/A, DINO: 74 , Check?: 0, Merge?: 0
Pterostichus_tristis-Btray-Y2019-NEON.BET.D01.005137-NEON.BET.D01.005189                                       => True: 26 , DINO: 26 , Check?: 0, Merge?: 0
Harpalus_opacipennis-Btray-Y2021-NEON.BET.D09.007438-NEON.BET.D09.007831                                       => True: 36 , DINO: 36 , Check?: 0, Merge?: 0
Discoderus_robustus-Atray-Y2018-NEON.BET.D14.000866-NEON.BET.D14.001013                                        => True: 77 , DINO: 77 , Check?: 0, Merge?: 0
Pterostichus_novus-Atray-Y2019-NEON.BET.D05.005357-NEON.BET.D05.005410                                         => True: 48 , DINO: 48 , Check?: 0, Merge?: 0
Pterostichus_lama-Atray-Y2019-NEON.BET.D17.000867-NEON.BET.D17.001306                                          => True: 36 , DINO: 36 , Check?: 0, Merge?: 0
Calosoma_affine-Atray-Y2019-NEON.BET.D06.005688-NEON.BET.D06.006084                                            => True: 40 , DINO: 40 , Check?: 0, Merge?: 0
Pterostichus_pensylvanicus-Atray-Y2018-NEON.BET.D01.003365-NEON.BET.D01.004329                                 => True: 69 , DINO: 69 , Check?: 0, Merge?: 0
Dicaelus_dilatatus-Atray-Y2019-NEON.BET.D02.007333-NEON.BET.D02.008586                                         => True: 18 , DINO: 18 , Check?: 0, Merge?: 0
Pterostichus_trinarius-Btray-Y2021-NEON.BET.D02.011621-NEON.BET.D02.011649                                     => True: 28 , DINO: 28 , Check?: 0, Merge?: 0
Carabus_sylvosus-Btray-Y2018-NEON.BET.D05.004274-NEON.BET.D05.004571                                           => True: 15 , DINO: 15 , Check?: 0, Merge?: 0
Cymindis_neglecta-Atray-Y2020-NEON.BET.D01.006198-NEON.BET.D01.006247                                          => True: 31 , DINO: 31 , Check?: 0, Merge?: 0
Sphaeroderus_stenostomus-Btray-Y2022-NEON.BET.D05.008711-NEON.BET.D05.009174                                   => True: 17 , DINO: 17 , Check?: 0, Merge?: 0
Cymindis_cribricollis-Atray-Y2021-NEON.BET.D01.006986-NEON.BET.D01.007078                                      => True: 76 , DINO: 76 , Check?: 0, Merge?: 0
Calathus_advena-Btray-Y2018-NEON.BET.D13.001524-NEON.BET.D13.001967                                            => True: 35 , DINO: 35 , Check?: 0, Merge?: 0
Pterostichus_mutus-Atray-Y2021-NEON.BET.D05.007728-NEON.BET.D05.008389                                         => True: 51 , DINO: 51 , Check?: 0, Merge?: 0
Dicaelus_furvus-Btray-Y2015-NEON.BET.D06.000025-NEON.BET.D06.000886                                            => True: 23 , DINO: 23 , Check?: 0, Merge?: 0
Harpalus_pensylvanicus-Atray-Y2018-NEON.BET.D06.003788-NEON.BET.D06.0033989                                    => True: 48 , DINO: 48 , Check?: 0, Merge?: 0
Pasimachus_sublaevis-Atray-Y2019-NEON.BET.D03.002496-NEON.BET.D03.002651                                       => True: 15 , DINO: 16 , Check?: 0, Merge?: 1
Pasimachus_californicus-Atray-Y2019-NEON.BET.D06.004635-NEON.BET.D06.004682                                    => True: 19 , DINO: 19 , Check?: 0, Merge?: 0
Pterostichus_lachrymosus-Atray-Y2021-NEON.BET.D07.009232-NEON.BET.D07.011194                                   => True: 68 , DINO: 68 , Check?: 0, Merge?: 0
Pterostichus_lachrymosus-Btray-Y2022-NEON.BET.D01.008935-NEON.BET.D01.008959                                   => True: 18 , DINO: 18 , Check?: 0, Merge?: 0
Pterostichus_lachrymosus-Btray-Y2020-NEON.BET.D07.009346-NEON.BET.D07.009372                                   => True: 16 , DINO: 16 , Check?: 0, Merge?: 0
Carabus_goryi-Atray-Y2018-NEON.BET.D07.003751-NEON.BET.D07.003955                                              => True: 55 , DINO: 55 , Check?: 0, Merge?: 0
Pterostichus_melanarius-Btray-Y2018-NEON.BET.D09.003901-NEON.BET.D09.004125                                    => True: 10 , DINO: 10 , Check?: 0, Merge?: 0
Chlaenius_aestivus-Atray-Y2022-NEON.BET.D02.011905-NEON.BET.D02.13493                                          => True: 55 , DINO: 55 , Check?: 0, Merge?: 0
Calosoma_calidum-Btray-Y2020-NEON.BET.D09.005719-NEON.BET.D09.006670                                           => True: 16 , DINO: 16 , Check?: 0, Merge?: 0
Pasimachus_californicus-Atray-Y2020-NEON.BET.D06.006295-NEON.BET.D06.006406                                    => True: 30 , DINO: 30 , Check?: 0, Merge?: 0
Pterostichus_novus-Atray-Y2018-NEON.BET.D05.004655-NEON.BET.D05.004871                                         => True: 51 , DINO: 51 , Check?: 0, Merge?: 0
Agonum_placidum-Atray-Y2015-NEON.BET.D10.003585-NEON.BET.D10.004496                                            => True: 50 , DINO: 50 , Check?: 0, Merge?: 0
Pasimachus_californicus-Atray-Y2022-NEON.BET.D06.008370-NEON.BET.D06.008674                                    => True: 35 , DINO: 35 , Check?: 0, Merge?: 0
Dicaelus_teter-Btray-Y2020-NEON.BET.D07.009137-NEON.BET.D07.009424                                             => True: 12 , DINO: 12 , Check?: 0, Merge?: 0
Dicaelus_furvus-Btray-Y2019-NEON.BET.D02.008593-NEON.BET.D02.008609                                            => True: 13 , DINO: 13 , Check?: 0, Merge?: 0
Cyclotrachelus_constrictus-Btray-Y2021-NEON.BET.D10.013468-NEON.BET.D10.014763                                 => True: 11 , DINO: 11 , Check?: 0, Merge?: 0
Pterostichus_pumilus-Btray-Y2018-NEON.BET.D16.000690-NEON.BET.D16.001269                                       => True: 10 , DINO: 10 , Check?: 0, Merge?: 0
Platynus_decentis-Btray-Y2021-NEON.BET.D07.009710-NEON.BET.D07.011408                                          => True: 18 , DINO: 18 , Check?: 0, Merge?: 0
Pterostichus_tristis-Atray-Y2018-NEON.BET.D07.004697-NEON.BET.D07.005374                                       => True: 23 , DINO: 23 , Check?: 0, Merge?: 0
Amara_obesa-Btray-Y2019-NEON.BET.D09.004811-NEON.BET.D09.005580                                                => True: 21 , DINO: 21 , Check?: 0, Merge?: 0
Omus_dejeanii-Atray-Y2019-NEON.BET.D16.002503-NEON.BET.D16.003114                                              => True: 38 , DINO: 38 , Check?: 0, Merge?: 0
Carabus_truncaticollis-Atray-Y2019-NEON.BET.D18.001503-NEON.BET.D18.001553                                     => True: 43 , DINO: 43 , Check?: 0, Merge?: 0
Galerita_bicolor-Atray-Y2018-NEON.BET.D07.004048-NEON.BET.D07.004739                                           => True: 32 , DINO: 32 , Check?: 0, Merge?: 0
Amara_hyperborea-Btray-Y2018-NEON.BET.D19.000467-NEON.BET.D19.000566                                           => True: 15 , DINO: 15 , Check?: 0, Merge?: 0
Calosoma_frigidum-Btray-Y2018-NEON.BET.D05.004542-NEON.BET.D05.004555                                          => True: 11 , DINO: 11 , Check?: 0, Merge?: 0
Chlaenius_aestivus-Atray-Y2021-NEON.BET.D02.011139-NEON.BET.D02.011204                                         => True: 61 , DINO: 61 , Check?: 0, Merge?: 0
Pterostichus_lama-Atray-Y2019-NEON.BET.D16.001919-NEON.BET.D16.001971                                          => True: 31 , DINO: 31 , Check?: 0, Merge?: 0
Cymindis_cribricollis-Btray-Y2020-NEON.BET.D01.006175-NEON.BET.D01.006194                                      => True: 15 , DINO: 15 , Check?: 0, Merge?: 0
Pterostichus_restrictus-Btray-Y2022-NEON.BET.D10.015523-NEON.BET.D10.015863                                    => True: 14 , DINO: 14 , Check?: 0, Merge?: 0
Tetracha_virginica-Btray-Y2021-NEON.BET.D06.007447-NEON.BET.D06.008024                                         => True: 21 , DINO: 21 , Check?: 0, Merge?: 0
Zacotus_matthewsii-Atray-Y2018-NEON.BET.D16.000797-NEON.BET.D16.001770                                         => True: 88 , DINO: 88 , Check?: 0, Merge?: 0
Sphaeroderus_stenostomus-Btray-Y2020-NEON.BET.D07.009079-NEON.BET.D07.009494                                   => True: N/A, DINO: 5  , Check?: 0, Merge?: 0
Pasimachus_elongatus-Atray-Y2022-NEON.BET.D10.014699-NEON.BET.D10.016231                                       => True: 37 , DINO: 37 , Check?: 0, Merge?: 0
Pterostichus_ordinarius-Atray-Y2018-NEON.BET.D17.000409-NEON.BET.D17.000553                                    => True: 63 , DINO: 63 , Check?: 0, Merge?: 0
Pasimachus_sublaevis-Atray-Y2019-NEON.BET.D03.002311-NEON.BET.D03.002425                                       => True: 36 , DINO: 36 , Check?: 0, Merge?: 0
Amara_quenseli-Btray-Y2019-NEON.BET.D13.002083-NEON.BET.D13.002350                                             => True: N/A, DINO: 15 , Check?: 0, Merge?: 0
Pterostichus_stygicus-Btray-Y2018-NEON.BET.D02.005714-NEON.BET.D02.005776                                      => True: 12 , DINO: 12 , Check?: 0, Merge?: 0
Poecilus_lucublandus-Btray-Y2019-NEON.BET.D02.007748-NEON.BET.D02.008803                                       => True: 20 , DINO: 20 , Check?: 0, Merge?: 0
Pterostichus_coracinus-Atray-Y2018-NEON.BET.D05.003837-NEON.BET.D05.004686                                     => True: 56 , DINO: 56 , Check?: 0, Merge?: 0
Pasimachus_punctulatus-Btray-Y2017-NEON.BET.D07.002092-NEON.BET.D07.002879                                     => True: N/A, DINO: 10 , Check?: 0, Merge?: 0
Cymindis_neglecta-Btray-Y2018-NEON.BET.D01.003148-NEON.BET.D01.004333                                          => True: 30 , DINO: 30 , Check?: 0, Merge?: 0
Brachinus_alternans-Btray-Y2021-NEON.BET.D08.003338-NEON.BET.D08.0003476                                       => True: 20 , DINO: 20 , Check?: 0, Merge?: 0
Dicaelus_teter-Btray-Y2021-NEON.BET.D07.008196-NEON.BET.D07.011911                                             => True: 27 , DINO: 27 , Check?: 0, Merge?: 0
Pterostichus_coracinus-Atray-Y2018-NEON.BET.D07.003539-NEON.BET.D07.005336                                     => True: 38 , DINO: 38 , Check?: 0, Merge?: 0
Dicaelus_dilatatus-Atray-Y2018-NEON.BET.D07.003786-NEON.BET.D07.005135                                         => True: 21 , DINO: 21 , Check?: 0, Merge?: 0
Pterostichus_lama-Atray-Y2019-NEON.BET.D17.001307-NEON.BET.D17.001783                                          => True: 23 , DINO: 23 , Check?: 0, Merge?: 0
Pasimachus_punctulatus-Atray-Y2019-NEON.BET.D07.005846-NEON.BET.D07.007041                                     => True: 24 , DINO: 24 , Check?: 0, Merge?: 0
Pasimachus_punctulatus-Atray-Y2021-NEON.BET.D07.011123-NEON.BET.D07.011543                                     => True: 24 , DINO: 26 , Check?: 0, Merge?: 1
Galerita_bicolor-Atray-Y2019-NEON.BET.D07.006327-NEON.BET.D07.007938                                           => True: 36 , DINO: 36 , Check?: 0, Merge?: 0
Synuchus_impunctatus-Btray-Y2018-NEON.BET.D01.004269-NEON.BET.D01.004294                                       => True: 24 , DINO: 24 , Check?: 0, Merge?: 0
Synuchus_impunctatus-Atray-Y2021-NEON.BET.D05.007753-NEON.BET.D05.008575                                       => True: 65 , DINO: 65 , Check?: 0, Merge?: 0
Pterostichus_lama-Atray-Y2021-NEON.BET.D17.002287-NEON.BET.D17.002314                                          => True: 20 , DINO: 20 , Check?: 0, Merge?: 0
Brachinus_alternans-Atray-Y2020-NEON.BET.D06.006138-NEON.BET.D06.006290                                        => True: 51 , DINO: 51 , Check?: 0, Merge?: 0
Pterostichus_lachrymosus-Btray-Y2018-NEON.BET.D01.003315-NEON.BET.D01.003329                                   => True: 14 , DINO: 14 , Check?: 0, Merge?: 0
Pterostichus_rostratus-Atray-Y2019-NEON.BET.D01.005271-NEON.BET.D01.005336                                     => True: 47 , DINO: 47 , Check?: 0, Merge?: 0
Pterostichus_lachrymosus-Btray-Y2022-NEON.BET.D07.012588-NEON.BET.D07.013797                                   => True: 13 , DINO: 13 , Check?: 0, Merge?: 0
Pasimachus_californicus-Atray-Y2022-NEON.BET.D11.003028-NEON.BET.D11.003056                                    => True: 29 , DINO: 29 , Check?: 0, Merge?: 0
Pterostichus_tristis-Btray-Y2020-NEON.BET.D01.005879-NEON.BET.D01.006342                                       => True: 28 , DINO: 28 , Check?: 0, Merge?: 0
Dicaelus_dilatatus-Atray-Y2018-NEON.BET.D07.003396-NEON.BET.D07.005946                                         => True: 22 , DINO: 22 , Check?: 0, Merge?: 0
Dicaelus_dilatatus-Btray-Y2021-NEON.BET.D02.010627-NEON.BET.D02.010763                                         => True: 23 , DINO: 23 , Check?: 0, Merge?: 0
Pterostichus_rostratus-Btray-Y2022-NEON.BET.D01.008527-NEON.BET.D01.008724                                     => True: 15 , DINO: 15 , Check?: 0, Merge?: 0
Amphasia_sericea-Btray-Y2021-NEON.BET.D02.010241-NEON.BET.D02.010282                                           => True: 20 , DINO: 20 , Check?: 0, Merge?: 0
Pasimachus_elongatus-Atray-Y2015-NEON.BET.D06.000674-NEON.BET.D06.000725                                       => True: 36 , DINO: 36 , Check?: 0, Merge?: 0
Pasimachus_elongatus-Atray-Y2018-NEON.BET.D10.007691-NEON.BET.D10.008814                                       => True: 21 , DINO: 21 , Check?: 0, Merge?: 0
Pterostichus_serripes-Atray-Y2019-NEON.BET.D17.001274-NEON.BET.D17.001781                                      => True: 34 , DINO: 35 , Check?: 0, Merge?: 1
Synuchus_impunctatus-Btray-Y2022-NEON.BET.D01.009077-NEON.BET.D01.009109                                       => True: 28 , DINO: 28 , Check?: 0, Merge?: 0
Pasimachus_californicus-Atray-Y2015-NEON.BET.D11.000300-NEON.BET.D11.000382                                    => True: 25 , DINO: 25 , Check?: 0, Merge?: 0
Pterostichus_permundus-Atray-Y2019-NEON.BET.D06.004283-NEON.BET.D06.006102                                     => True: 36 , DINO: 36 , Check?: 0, Merge?: 0
Omus_dejeanii-Atray-Y2019-NEON.BET.D16.002475-NEON.BET.D16.003122                                              => True: 32 , DINO: 32 , Check?: 0, Merge?: 0
Poecilus_lucublandus-Btray-Y2020-NEON.BET.D09.005727-NEON.BET.D09.006293                                       => True: 12 , DINO: 12 , Check?: 0, Merge?: 0
Cyclotrachelus_fucatus-Btray-Y2022-NEON.BET.D07.012079-NEON.BET.D07.013880                                     => True: 14 , DINO: 14 , Check?: 0, Merge?: 0
Pterostichus_lama-Atray-Y2020-NEON.BET.D16.003337-NEON.BET.D16.003473                                          => True: 27 , DINO: 27 , Check?: 0, Merge?: 0
Poecilus_lucublandus-Btray-Y2018-NEON.BET.D02.005662-NEON.BET.D02.005696                                       => True: 20 , DINO: 20 , Check?: 0, Merge?: 0
Calathus_advena-Btray-Y2020-NEON.BET.D10.002402-NEON.BET.D10.013518                                            => True: N/A, DINO: 30 , Check?: 0, Merge?: 0
Pasimachus_elongatus-Atray-Y2019-NEON.BET.D10.011250-NEON.BET.D10.011364                                       => True: 32 , DINO: 32 , Check?: 0, Merge?: 0
Pasimachus_elongatus-Atray-Y2018-NEON.BET.D10.008529-NEON.BET.D10.008939                                       => True: 28 , DINO: 28 , Check?: 0, Merge?: 0
Pterostichus_tristis-Atray-Y2018-NEON.BET.D01.003438-NEON.BET.D01.003725                                       => True: 53 , DINO: 53 , Check?: 0, Merge?: 0
Scarites_subterraneus-Btray-Y2019-NEON.BET.D06.005733-NEON.BET.D06.006041                                      => True: 23 , DINO: 23 , Check?: 0, Merge?: 0
Chlaenius_aestivus-Atray-Y2021-NEON.BET.D02.009916-NEON.BET.D02.009956                                         => True: 37 , DINO: 37 , Check?: 0, Merge?: 0
Chlaenius_aestivus-Btray-Y2021-NEON.BET.D02.011205-NEON.BET.D02.011233                                         => True: 27 , DINO: 27 , Check?: 0, Merge?: 0
Pasimachus_elongatus-Atray-Y2020-NEON.BET.D10.011185-NEON.BET.D10.013384                                       => True: 21 , DINO: 21 , Check?: 0, Merge?: 0
Platynus_decentis-Btray-Y2018-NEON.BET.D05.003817-NEON.BET.D05.004614                                          => True: 30 , DINO: 30 , Check?: 0, Merge?: 0
Cicindela_punctulata-Atray-Y2019-NEON.BET.D10.010993-NEON.BET.D10.012091                                       => True: N/A, DINO: 34 , Check?: 0, Merge?: 0
Chlaenius_tomentosus-Btray-Y2022-NEON.BET.D06.008080-NEON.BET.D06.008787                                       => True: 12 , DINO: 12 , Check?: 0, Merge?: 0
Calathus_advena-Atray-Y2019-NEON.BET.D10.012053-NEON.BET.D10.012488                                            => True: N/A, DINO: 44 , Check?: 0, Merge?: 0
Amara_alpina-Btray-Y2018-NEON.BET.D13.001532-NEON.BET.D13.001972                                               => True: 18 , DINO: 18 , Check?: 0, Merge?: 0
Pterostichus_melanarius-Btray-Y2020-NEON.BET.D09.005817-NEON.BET.D09.006686                                    => True: N/A, DINO: 12 , Check?: 0, Merge?: 0
Pterostichus_rostratus-Atray-Y2018-NEON.BET.D07.003382-NEON.BET.D07.005493                                     => True: 29 , DINO: 29 , Check?: 0, Merge?: 0
Pterostichus_tristis-Atray-Y2019-NEON.BET.D01.004999-NEON.BET.D01.005057                                       => True: 53 , DINO: 53 , Check?: 0, Merge?: 0
Poecilus_lucublandus-Btray-Y2019-NEON.BET.D02.007328-NEON.BET.D02.009019                                       => True: 33 , DINO: 33 , Check?: 0, Merge?: 0
Pterostichus_herculaneus-Btray-Y2019-NEON.BET.D16.002026-NEON.BET.D16.002902                                   => True: 13 , DINO: 14 , Check?: 0, Merge?: 1
Carabus_goryi-Atray-Y2019-NEON.BET.D07.008013-NEON.BET.D07.008139                                              => True: 38 , DINO: 38 , Check?: 0, Merge?: 0
Synuchus_impunctatus-Atray-Y2018-NEON.BET.D05.005190-NEON.BET.D05.005263                                       => True: 63 , DINO: 63 , Check?: 0, Merge?: 0
Pterostichus_herculaneus-Atray-Y2022-NEON.BET.D16.004331-NEON.BET.D16.004859                                   => True: 43 , DINO: 43 , Check?: 0, Merge?: 0
Pterostichus_tristis-Atray-Y2022-NEON.BET.D01.008090-NEON.BET.D01.009053                                       => True: 39 , DINO: 39 , Check?: 0, Merge?: 0
Pasimachus_elongatus-Atray-Y2018-NEON.BET.D10.007900-NEON.BET.D10.007986                                       => True: 29 , DINO: 29 , Check?: 0, Merge?: 0
Cyclotrachelus_sigillatus-Btray-Y2021-NEON.BET.D02.011469-NEON.BET.D02.011498                                  => True: 29 , DINO: 29 , Check?: 0, Merge?: 0
Sphaeroderus_stenostomus-Atray-Y2019-NEON.BET.D07.006408-NEON.BET.D07.007776                                   => True: N/A, DINO: 59 , Check?: 0, Merge?: 0
Calosoma_affine-Atray-Y2020-NEON.BET.D06.007199-NEON.BET.D06.007319                                            => True: 24 , DINO: 24 , Check?: 0, Merge?: 0
Anisodactylus_haplomus-Btray-Y2022-NEON.BET.D11.002407-NEON.BET.D11.002650                                     => True: 14 , DINO: 14 , Check?: 0, Merge?: 0
Pterostichus_restrictus-Atray-Y2020-NEON.BET.D10.002397-NEON.BET.D10.013504                                    => True: N/A, DINO: 46 , Check?: 0, Merge?: 0
Cyclotrachelus_convivus-Btray-Y2020-NEON.BET.D08.003012-NEON.BET.D08.003057                                    => True: 21 , DINO: 21 , Check?: 0, Merge?: 0
Brachinus_alternans-Atray-Y2018-NEON.BET.D06.002943-NEON.BET.D06.003472                                        => True: 65 , DINO: 65 , Check?: 0, Merge?: 0
Anisodactylus_merula-Btray-Y2018-NEON.BET.D11.001300-NEON.BET.D11.001418                                       => True: 14 , DINO: 14 , Check?: 0, Merge?: 0
Carabus_nemoralis-Btray-Y2018-NEON.BET.D05.004253-NEON.BET.D05.004270                                          => True: 14 , DINO: 14 , Check?: 0, Merge?: 0
Carabus_sylvosus-Btray-Y2020-NEON.BET.D07.008987-NEON.BET.D07.009249                                           => True: 7  , DINO: 7  , Check?: 0, Merge?: 0
Pasimachus_elongatus-Atray-Y2021-NEON.BET.D06.007586-NEON.BET.D06.008032                                       => True: 27 , DINO: 27 , Check?: 0, Merge?: 0
Carabus_taedatus-Btray-Y2022-NEON.BET.D13.002695-NEON.BET.D13.002783                                           => True: 15 , DINO: 15 , Check?: 0, Merge?: 0
Poecilus_lucublandus-Atray-Y2018-NEON.BET.D09.003303-NEON.BET.D09.003581                                       => True: 33 , DINO: 33 , Check?: 0, Merge?: 0
Cyclotrachelus_sigillatus-Btray-Y2021-NEON.BET.D02.010030-NEON.BET.D02.010954                                  => True: 16 , DINO: 16 , Check?: 0, Merge?: 0
Harpalus_ventralis-Atray-Y2022-NEON.BET.D09.007964-NEON.BET.D09.008976                                         => True: 51 , DINO: 51 , Check?: 0, Merge?: 0
Omus_californicus-Btray-Y2023-NEON.BET.D17.002834-NEON.BET.D17.003018                                          => True: 13 , DINO: 13 , Check?: 0, Merge?: 0
Cyclotrachelus_hypherpiformis-Btray-Y2018-NEON.BET.D08.002152-NEON.BET.D08.002542                              => True: 13 , DINO: 13 , Check?: 0, Merge?: 0
Harpalus_opacipennis-Btray-Y2019-NEON.BET.D12.001233-NEON.BET.D12.001360                                       => True: 13 , DINO: 13 , Check?: 0, Merge?: 0
Galerita_bicolor-Btray-Y2019-NEON.BET.D07.007374-NEON.BET.D07.007834                                           => True: 18 , DINO: 18 , Check?: 0, Merge?: 0
Scaphinotus_andrewsii-Btray-Y2018-NEON.BET.D07.003898-NEON.BET.D07.005264                                      => True: 7  , DINO: 7  , Check?: 0, Merge?: 0
Pasimachus_californicus-Atray-Y2022-NEON.BET.D06.008636-NEON.BET.D06.008717                                    => True: 25 , DINO: 25 , Check?: 0, Merge?: 0
Pterostichus_coracinus-Btray-Y2021-NEON.BET.D01.006742-NEON.BET.D01.007234                                     => True: 26 , DINO: 26 , Check?: 0, Merge?: 0
Harpalus_paratus-Atray-Y2018-NEON.BET.D10.008221-NEON.BET.D10.009380                                           => True: 82 , DINO: 82 , Check?: 0, Merge?: 0
Amara_californica-Btray-Y2019-NEON.BET.D17.001539-NEON.BET.D17.001605                                          => True: 12 , DINO: 12 , Check?: 0, Merge?: 0
Amara_obesa-Atray-Y2021-NEON.BET.D09.006907-NEON.BET.D09.007205                                                => True: 37 , DINO: 37 , Check?: 0, Merge?: 0
Harpalus_opacipennis-Atray-Y2020-NEON.BET.D09.005762-NEON.BET.D09.006697                                       => True: 44 , DINO: 44 , Check?: 0, Merge?: 0
Carabus_goryi-Atray-Y2021-NEON.BET.D07.008318-NEON.BET.D07.009687                                              => True: 48 , DINO: 48 , Check?: 0, Merge?: 0
Galerita_bicolor-Atray-Y2018-NEON.BET.D07.003366-NEON.BET.D07.004261                                           => True: 29 , DINO: 29 , Check?: 0, Merge?: 0
Dicaelus_furvus-Btray-Y2021-NEON.BET.D08.003164-NEON.BET.D08.003500                                            => True: 28 , DINO: 28 , Check?: 0, Merge?: 0
Chlaenius_erythropus-Atray-Y2017-NEON.BET.D08.001487-NEON.BET.D08.001815                                       => True: 35 , DINO: 35 , Check?: 0, Merge?: 0
Pterostichus_coracinus-Atray-Y2020-NEON.BET.D05.006771-NEON.BET.D05.007430                                     => True: 46 , DINO: 46 , Check?: 0, Merge?: 0
Dicaelus_furvus-Btray-Y2019-NEON.BET.D02.007331-NEON.BET.D02.008785                                            => True: 16 , DINO: 16 , Check?: 0, Merge?: 0
Cyclotrachelus_convivus-Atray-Y2021-NEON.BET.D08.003483-NEON.BET.D08.003542                                    => True: 38 , DINO: 38 , Check?: 0, Merge?: 0
Pasimachus_californicus-Atray-Y2019-NEON.BET.D11.001700-NEON.BET.D11.001728                                    => True: 20 , DINO: 20 , Check?: 0, Merge?: 0
Amara_brunnea-Btray-Y2019-NEON.BET.D19.000583-NEON.BET.D19.000764                                              => True: 13 , DINO: 13 , Check?: 0, Merge?: 0
Pterostichus_ordinarius-Btray-Y2019-NEON.BET.D17.001813-NEON.BET.D17.001884                                    => True: 12 , DINO: 12 , Check?: 0, Merge?: 0
Metrius_contractus-Btray-Y2021-NEON.BET.D17.002130-NEON.BET.D17.002181                                         => True: 28 , DINO: 28 , Check?: 0, Merge?: 0
Omus_dejeanii-Btray-Y2018-NEON.BET.D16.001591-NEON.BET.D16.001811                                              => True: 9  , DINO: 9  , Check?: 0, Merge?: 0
Omus_dejeanii-Btray-Y2019-NEON.BET.D16.002246-NEON.BET.D16.002867                                              => True: 20 , DINO: 20 , Check?: 0, Merge?: 0
Pasimachus_californicus-Atray-Y2015-NEON.BET.D06.000897-NEON.BET.D06.000932                                    => True: 25 , DINO: 25 , Check?: 0, Merge?: 0
Dicaelus_furvus-Btray-Y2018-NEON.BET.D02.006350-NEON.BET.D02.006366                                            => True: 15 , DINO: 16 , Check?: 0, Merge?: 1
Synuchus_impunctatus-Atray-Y2020-NEON.BET.D05.007342-NEON.BET.D05.007386                                       => True: 39 , DINO: 39 , Check?: 0, Merge?: 0
Harpalus_protractus-Atray-Y2022-NEON.BET.D02.12168-NEON.BET.D02.13482                                          => True: 29 , DINO: 29 , Check?: 0, Merge?: 0
Amara_obesa-Atray-Y2023-NEON.BET.D09.009229-NEON.BET.D09.009679                                                => True: 50 , DINO: 50 , Check?: 0, Merge?: 0
Pasimachus_californicus-Atray-Y2018-NEON.BET.D06.003374-NEON.BET.D06.004107                                    => True: 16 , DINO: 16 , Check?: 0, Merge?: 0
Cyclotrachelus_sigillatus-Btray-Y2020-NEON.BET.D07.008995-NEON.BET.D07.009466                                  => True: 12 , DINO: 12 , Check?: 0, Merge?: 0
Cyclotrachelus_sodalis-Btray-Y2023-NEON.BET.D06.009310-NEON.BET.D06.009820                                     => True: 14 , DINO: 14 , Check?: 0, Merge?: 0
Cyclotrachelus_torvus-Btray-Y2018-NEON.BET.D09.004154-NEON.BET.D09.004215                                      => True: 11 , DINO: 11 , Check?: 0, Merge?: 0
Poecilus_chalcites-Atray-Y2019-NEON.BET.D06.005283-NEON.BET.D06.005545                                         => True: 54 , DINO: 54 , Check?: 0, Merge?: 0
Cyclotrachelus_torvus-Btray-Y2018-NEON.BET.D09.003959-NEON.BET.D09.004033                                      => True: 27 , DINO: 27 , Check?: 0, Merge?: 0
Sphaeroderus_stenostomus-Btray-Y2023-NEON.BET.D01.009166-NEON.BET.D01.009448                                   => True: 22 , DINO: 22 , Check?: 0, Merge?: 0
Cyclotrachelus_convivus-Atray-Y2021-NEON.BET.D08.003092-NEON.BET.D08.003480                                    => True: 57 , DINO: 57 , Check?: 0, Merge?: 0
Cyclotrachelus_sigillatus-Btray-Y2021-NEON.BET.D02.010007-NEON.BET.D02.011501                                  => True: 35 , DINO: 35 , Check?: 0, Merge?: 0
Synuchus_impunctatus-Atray-Y2018-NEON.BET.D01.003161-NEON.BET.D01.004287                                       => True: 45 , DINO: 45 , Check?: 0, Merge?: 0
Carabus_vinctus-Btray-Y2021-NEON.BET.D02.010533-NEON.BET.D02.011386                                            => True: 20 , DINO: 20 , Check?: 0, Merge?: 0
Poecilus_chalcites-Btray-Y2021-NEON.BET.D06.007590-NEON.BET.D06.008031                                         => True: 49 , DINO: 49 , Check?: 0, Merge?: 0
Anisodactylus_haplomus-Btray-Y2018-NEON.BET.D03.001712-NEON.BET.D03.002038                                     => True: 27 , DINO: 27 , Check?: 0, Merge?: 0
Promecognathus_crassus-Btray-Y2019-NEON.BET.D16.002418-NEON.BET.D16.003173                                     => True: 21 , DINO: 21 , Check?: 0, Merge?: 0
Pasimachus_elongatus-Atray-Y2019-NEON.BET.D10.010914-NEON.BET.D10.011214                                       => True: 33 , DINO: 33 , Check?: 0, Merge?: 0
Synuchus_impunctatus-Atray-Y2020-NEON.BET.D05.006851-NEON.BET.D05.007589                                       => True: 61 , DINO: 61 , Check?: 0, Merge?: 0
Amara_quenseli-Atray-Y2018-NEON.BET.D15.000462-NEON.BET.D15.000934                                             => True: N/A, DINO: 42 , Check?: 0, Merge?: 0
Pterostichus_protractus-Btray-Y2018-NEON.BET.D10.009540-NEON.BET.D10.009575                                    => True: 12 , DINO: 12 , Check?: 0, Merge?: 0
Pterostichus_mutus-Btray-Y2020-NEON.BET.D05.006803-NEON.BET.D05.007493                                         => True: 35 , DINO: 35 , Check?: 0, Merge?: 0
Galerita_bicolor-Atray-Y2020-NEON.BET.D07.009056-NEON.BET.D07.009485                                           => True: N/A, DINO: 29 , Check?: 0, Merge?: 0
Pterostichus_ordinarius-Atray-Y2018-NEON.BET.D17.000274-NEON.BET.D17.001790                                    => True: 42 , DINO: 42 , Check?: 0, Merge?: 0
Pterostichus_coracinus-Atray-Y2019-NEON.BET.D01.005157-NEON.BET.D01.005232                                     => True: 52 , DINO: 52 , Check?: 0, Merge?: 0
Tetracha_virginica-Atray-Y2019-NEON.BET.D06.004234-NEON.BET.D06.005954                                         => True: 32 , DINO: 32 , Check?: 0, Merge?: 0
Pterostichus_permundus-Btray-Y2021-NEON.BET.D06.007579-NEON.BET.D06.008045                                     => True: 22 , DINO: 22 , Check?: 0, Merge?: 0
Pterostichus_melanarius-Atray-Y2015-NEON.BET.D09.000921-NEON.BET.D09.001126                                    => True: 56 , DINO: 56 , Check?: 0, Merge?: 0
Dicaelus_dilatatus-Atray-Y2019-NEON.BET.D07.005709-NEON.BET.D07.006183                                         => True: 35 , DINO: 35 , Check?: 0, Merge?: 0
Tetracha_virginica-Atray-Y2018-NEON.BET.D06.003135-NEON.BET.D06.004129                                         => True: 44 , DINO: 44 , Check?: 0, Merge?: 0
Promecognathus_crassus-Btray-Y2021-NEON.BET.D16.003583-NEON.BET.D16.004094                                     => True: 19 , DINO: 19 , Check?: 0, Merge?: 0
Discoderus_robustus-Atray-Y2018-NEON.BET.D14.001014-NEON.BET.D14.001237                                        => True: 84 , DINO: 84 , Check?: 0, Merge?: 0
Pasimachus_californicus-Atray-Y2020-NEON.BET.D06.006697-NEON.BET.D06.006825                                    => True: 25 , DINO: 25 , Check?: 0, Merge?: 0
Cyclotrachelus_sigillatus-Atray-Y2019-NEON.BET.D02.007299-NEON.BET.D02.008573                                  => True: 24 , DINO: 24 , Check?: 0, Merge?: 0
Cratacanthus_dubius-Btray-Y2023-NEON.BET.D10.017189-NEON.BET.D10.017844                                        => True: 22 , DINO: 22 , Check?: 0, Merge?: 0
Pasimachus_elongatus-Atray-Y2018-NEON.BET.D10.007671-NEON.BET.D10.007899                                       => True: 29 , DINO: 29 , Check?: 0, Merge?: 0
Pasimachus_californicus-Atray-Y2022-NEON.BET.D06.008722-NEON.BET.D06.008782                                    => True: N/A, DINO: 13 , Check?: 0, Merge?: 0
Pterostichus_moestus-Btray-Y2018-NEON.BET.D07.004687-NEON.BET.D07.005365                                       => True: 20 , DINO: 20 , Check?: 0, Merge?: 0
Synuchus_impunctatus-Atray-Y2020-NEON.BET.D05.006852-NEON.BET.D05.006922                                       => True: 52 , DINO: 52 , Check?: 0, Merge?: 0
Galerita_bicolor-Atray-Y2019-NEON.BET.D02.008614-NEON.BET.D02.008670                                           => True: 43 , DINO: 43 , Check?: 0, Merge?: 0
Galerita_janus-Btray-Y2020-NEON.BET.D07.006048-NEON.BET.D07.008153                                             => True: N/A, DINO: 11 , Check?: 0, Merge?: 0
Cyclotrachelus_sigillatus-Btray-Y2023-NEON.BET.D07.014986-NEON.BET.D07.015140                                  => True: 14 , DINO: 14 , Check?: 0, Merge?: 0
Pasimachus_elongatus-Atray-Y2019-NEON.BET.D06.005295-NEON.BET.D06.006075                                       => True: 25 , DINO: 25 , Check?: 0, Merge?: 0
Harpalus_somnulentus-Atray-Y2019-NEON.BET.D09.004253-NEON.BET.D09.005687                                       => True: 33 , DINO: 33 , Check?: 0, Merge?: 0
Pterostichus_stygicus-Btray-Y2018-NEON.BET.D02.005709-NEON.BET.D02.005786                                      => True: 13 , DINO: 13 , Check?: 0, Merge?: 0
Omus_californicus-Atray-Y2021-NEON.BET.D17.002101-NEON.BET.D17.002357                                          => True: 31 , DINO: 31 , Check?: 0, Merge?: 0
Pasimachus_californicus-Atray-Y2022-NEON.BET.D11.002496-NEON.BET.D11.002541                                    => True: 35 , DINO: 35 , Check?: 0, Merge?: 0
Pterostichus_melanarius-Btray-Y2020-NEON.BET.D05.006802-NEON.BET.D05.007489                                    => True: 41 , DINO: 41 , Check?: 0, Merge?: 0
Pterostichus_melanarius-Atray-Y2018-NEON.BET.D05.004688-NEON.BET.D05.004751                                    => True: 53 , DINO: 53 , Check?: 0, Merge?: 0
Pasimachus_elongatus-Atray-Y2021-NEON.BET.D10.013554-NEON.BET.D10.013908                                       => True: 37 , DINO: 37 , Check?: 0, Merge?: 0
Pterostichus_tristis-Atray-Y2019-NEON.BET.D01.004932-NEON.BET.D01.004998                                       => True: 60 , DINO: 60 , Check?: 0, Merge?: 0
Cratacanthus_dubius-Atray-Y2022-NEON.BET.D10.016587-NEON.BET.D10.016852                                        => True: 45 , DINO: 45 , Check?: 0, Merge?: 0
Chlaenius_aestivus-Btray-Y2020-NEON.BET.D02.009323-NEON.BET.D02.009724                                         => True: 25 , DINO: 25 , Check?: 0, Merge?: 0
Pasimachus_californicus-Atray-Y2018-NEON.BET.D11.001197-NEON.BET.D11.001220                                    => True: 23 , DINO: 23 , Check?: 0, Merge?: 0
Carabus_goryi-Atray-Y2019-NEON.BET.D07.006073-NEON.BET.D07.006422                                              => True: 42 , DINO: 42 , Check?: 0, Merge?: 0
Omus_dejeanii-Atray-Y2019-NEON.BET.D16.002351-NEON.BET.D16.002444                                              => True: 34 , DINO: 34 , Check?: 0, Merge?: 0
Harpalus_pensylvanicus-Btray-Y2018-NEON.BET.D06.003990-NEON.BET.D06.004220                                     => True: 28 , DINO: 28 , Check?: 0, Merge?: 0
Pterostichus_tristis-Btray-Y2021-NEON.BET.D07.010728-NEON.BET.D07.011988                                       => True: 16 , DINO: 16 , Check?: 0, Merge?: 0
Synuchus_impunctatus-Btray-Y2018-NEON.BET.D05.004103-NEON.BET.D05.004126                                       => True: 20 , DINO: 20 , Check?: 0, Merge?: 0
Pterostichus_pensylvanicus-Btray-Y2022-NEON.BET.D05.008696-NEON.BET.D05.009163                                 => True: 15 , DINO: 15 , Check?: 0, Merge?: 0
Harpalus_desertus-Atray-Y2022-NEON.BET.D10.014649-NEON.BET.D10.016647                                          => True: 44 , DINO: 44 , Check?: 0, Merge?: 0
Harpalus_opacipennis-Atray-Y2020-NEON.BET.D09.005828-NEON.BET.D09.006696                                       => True: 48 , DINO: 48 , Check?: 0, Merge?: 0
Carabus_goryi-Atray-Y2022-NEON.BET.D01.007839-NEON.BET.D01.007893                                              => True: 39 , DINO: 39 , Check?: 0, Merge?: 0
Cratacanthus_dubius-Atray-Y2018-NEON.BET.D10.008550-NEON.BET.D10.009355                                        => True: 47 , DINO: 47 , Check?: 0, Merge?: 0
Pterostichus_lama-Atray-Y2021-NEON.BET.D16.003564-NEON.BET.D16.003828                                          => True: 40 , DINO: 40 , Check?: 0, Merge?: 0
Cyclotrachelus_sodalis-Btray-Y2019-NEON.BET.D06.005026-NEON.BET.D06.006023                                     => True: 20 , DINO: 20 , Check?: 0, Merge?: 0
Galerita_bicolor-Atray-Y2021-NEON.BET.D02.011702-NEON.BET.D02.011748                                           => True: 32 , DINO: 32 , Check?: 0, Merge?: 0
Harpalus_somnulentus-Atray-Y2021-NEON.BET.D09.006803-NEON.BET.D09.007796                                       => True: 49 , DINO: 49 , Check?: 0, Merge?: 0
Pterostichus_rostratus-Atray-Y2022-NEON.BET.D07.012419-NEON.BET.D07.013945                                     => True: 40 , DINO: 40 , Check?: 0, Merge?: 0
Sphaeroderus_stenostomus-Btray-Y2022-NEON.BET.D01.007978-NEON.BET.D01.008488                                   => True: 42 , DINO: 42 , Check?: 0, Merge?: 0
Dicaelus_purpuratus-Btray-Y2019-NEON.BET.D06.004270-NEON.BET.D06.004501                                        => True: N/A, DINO: 16 , Check?: 0, Merge?: 0
Poecilus_chalcites-Atray-Y2020-NEON.BET.D06.006859-NEON.BET.D06.007231                                         => True: 64 , DINO: 64 , Check?: 0, Merge?: 0
Cyclotrachelus_sodalis-Atray-Y2019-NEON.BET.D06.004231-NEON.BET.D06.004961                                     => True: 42 , DINO: 42 , Check?: 0, Merge?: 0
Pterostichus_melanarius-Btray-Y2019-NEON.BET.D05.005533-NEON.BET.D05.006552                                    => True: 23 , DINO: 23 , Check?: 0, Merge?: 0
Calathus_opaculus-Btray-Y2019-NEON.BET.D06.004257-NEON.BET.D06.005981                                          => True: 26 , DINO: 26 , Check?: 0, Merge?: 0
Pterostichus_melanarius-Btray-Y2020-NEON.BET.D09.005771-NEON.BET.D09.006614                                    => True: N/A, DINO: 15 , Check?: 0, Merge?: 0
Pasimachus_elongatus-Atray-Y2021-NEON.BET.D10.014589-NEON.BET.D10.014954                                       => True: 28 , DINO: 28 , Check?: 0, Merge?: 0
Pterostichus_lama-Atray-Y2021-NEON.BET.D17.002234-NEON.BET.D17.002265                                          => True: 21 , DINO: 21 , Check?: 0, Merge?: 0
Carabus_truncaticollis-Atray-Y2018-NEON.BET.D18.000591-NEON.BET.D18.000828                                     => True: 56 , DINO: 56 , Check?: 0, Merge?: 0
Pasimachus_elongatus-Atray-Y2015-NEON.BET.D06.000726-NEON.BET.D06.000918                                       => True: 34 , DINO: 34 , Check?: 0, Merge?: 0
Scarites_subterraneus-Atray-Y2018-NEON.BET.D06.003850-NEON.BET.D06.004123                                      => True: 30 , DINO: 30 , Check?: 0, Merge?: 0
Piosoma_setosum-Atray-Y2023-NEON.BET.D13.501956-NEON.BET.D13.502037                                            => True: 62 , DINO: 62 , Check?: 0, Merge?: 0
Cyclotrachelus_torvus-Btray-Y2022-NEON.BET.D09.008599-NEON.BET.D09.008959                                      => True: 20 , DINO: 20 , Check?: 0, Merge?: 0
Pterostichus_melanarius-Atray-Y2019-NEON.BET.D09.004544-NEON.BET.D09.004769                                    => True: 26 , DINO: 26 , Check?: 0, Merge?: 0
Carabus_truncaticollis-Atray-Y2018-NEON.BET.D18.000830-NEON.BET.D18.001083                                     => True: 40 , DINO: 40 , Check?: 0, Merge?: 0
Pterostichus_trinarius-Btray-Y2021-NEON.BET.D02.010708-NEON.BET.D02.011624                                     => True: 22 , DINO: 22 , Check?: 0, Merge?: 0
Pasimachus_elongatus-Atray-Y2019-NEON.BET.D10.011500-NEON.BET.D10.012167                                       => True: N/A, DINO: 18 , Check?: 0, Merge?: 0
Pterostichus_panticulatus-Btray-Y2021-NEON.BET.D17.001869-NEON.BET.D17.002160                                  => True: 17 , DINO: 17 , Check?: 0, Merge?: 0
Harpalus_pensylvanicus-Atray-Y2019-NEON.BET.D02.007347-NEON.BET.D02.008777                                     => True: 36 , DINO: 36 , Check?: 0, Merge?: 0
Chlaenius_aestivus-Atray-Y2019-NEON.BET.D02.007634-NEON.BET.D02.007694                                         => True: 56 , DINO: 56 , Check?: 0, Merge?: 0
Harpalus_pensylvanicus-Atray-Y2021-NEON.BET.D02.010775-NEON.BET.D02.011757                                     => True: 62 , DINO: 62 , Check?: 0, Merge?: 0
Chlaenius_aestivus-Atray-Y2021-NEON.BET.D02.009851-NEON.BET.D02.009915                                         => True: 56 , DINO: 56 , Check?: 0, Merge?: 0
Calathus_ingratus-Atray-Y2019-NEON.BET.D01.005340-NEON.BET.D01.005386                                          => True: 32 , DINO: 32 , Check?: 0, Merge?: 0
Cyclotrachelus_torvus-Atray-Y2019-NEON.BET.D10.010382-NEON.BET.D10.012152                                      => True: 37 , DINO: 37 , Check?: 0, Merge?: 0
Cyclotrachelus_furtivus-Btray-Y2018-NEON.BET.D02.006086-NEON.BET.D02.0006183                                   => True: 18 , DINO: 18 , Check?: 0, Merge?: 0
Pasimachus_californicus-Atray-Y2019-NEON.BET.D06.004776-NEON.BET.D06.004807                                    => True: 20 , DINO: 20 , Check?: 0, Merge?: 0
Pterostichus_lama-Atray-Y2018-NEON.BET.D16.000672-NEON.BET.D16.001913                                          => True: 26 , DINO: 26 , Check?: 0, Merge?: 0
Pasimachus_elongatus-Btray-Y2020-NEON.BET.D10.009842-NEON.BET.D10.009898                                       => True: 10 , DINO: 10 , Check?: 0, Merge?: 0
Pterostichus_panticulatus-Btray-Y2021-NEON.BET.D17.002363-NEON.BET.D17.002449                                  => True: 9  , DINO: 9  , Check?: 0, Merge?: 0
Pasimachus_sublaevis-Atray-Y2018-NEON.BET.D03.001812-NEON.BET.D03.001877                                       => True: 29 , DINO: 29 , Check?: 0, Merge?: 0
Harpalus_reversus-Atray-Y2014-NEON.BET.D10.001666-NEON.BET.D10.002239                                          => True: 55 , DINO: 55 , Check?: 0, Merge?: 0
Pterostichus_lama-Btray-Y2018-NEON.BET.D16.001119-NEON.BET.D16.001279                                          => True: 13 , DINO: 13 , Check?: 0, Merge?: 0
Dicaelus_teter-Btray-Y2018-NEON.BET.D07.003305-NEON.BET.D07.004078                                             => True: N/A, DINO: 14 , Check?: 0, Merge?: 0
Harpalus_opacipennis-Btray-Y2018-NEON.BET.D12.000395-NEON.BET.D12.000541                                       => True: 16 , DINO: 16 , Check?: 0, Merge?: 0
Cyclotrachelus_freitagi-Btray-Y2021-NEON.BET.D07.009999-NEON.BET.D07.011953                                    => True: 34 , DINO: 34 , Check?: 0, Merge?: 0
Carabus_truncaticollis-Atray-Y2021-NEON.BET.D18.002803-NEON.BET.D18.002897                                     => True: 41 , DINO: 41 , Check?: 0, Merge?: 0
Metrius_contractus-Atray-Y2019-NEON.BET.D17.000665-NEON.BET.D17.001468                                         => True: 42 , DINO: 42 , Check?: 0, Merge?: 0
Sphaeroderus_canadensis-Btray-Y2019-NEON.BET.D01.004776-NEON.BET.D01.004842                                    => True: 19 , DINO: 19 , Check?: 0, Merge?: 0
Brachinus_alternans-Btray-Y2022-NEON.BET.D08.003717-NEON.BET.D08.003941                                        => True: 16 , DINO: 16 , Check?: 0, Merge?: 0
Pterostichus_pensylvanicus-Btray-Y2018-NEON.BET.D05.005102-NEON.BET.D05.005139                                 => True: 19 , DINO: 19 , Check?: 0, Merge?: 0
Harpalus_somnulentus-Btray-Y2018-NEON.BET.D12.000054-NEON.BET.D12.000625                                       => True: 17 , DINO: 17 , Check?: 0, Merge?: 0
Cymindis_cribricollis-Atray-Y2019-NEON.BET.D12.000721-NEON.BET.D12.001335                                      => True: 36 , DINO: 36 , Check?: 0, Merge?: 0
Pasimachus_elongatus-Atray-Y2022-NEON.BET.D06.008214-NEON.BET.D06.008686                                       => True: N/A, DINO: 37 , Check?: 0, Merge?: 0
Cyclotrachelus_convivus-Atray-Y2018-NEON.BET.D08.001933-NEON.BET.D08.002522                                    => True: 45 , DINO: 45 , Check?: 0, Merge?: 0
Poecilus_chalcites-Btray-Y2021-NEON.BET.D02.010071-NEON.BET.D02.010089                                         => True: 18 , DINO: 18 , Check?: 0, Merge?: 0
Pasimachus_californicus-Atray-Y2015-NEON.BET.D06.000774-NEON.BET.D06.000808                                    => True: 25 , DINO: 25 , Check?: 0, Merge?: 0
Calathus_opaculus-Btray-Y2022-NEON.BET.D06.008256-NEON.BET.D06.009031                                          => True: N/A, DINO: 27 , Check?: 0, Merge?: 0
Harpalus_opacipennis-Btray-Y2019-NEON.BET.D09.004291-NEON.BET.D09.005696                                       => True: 34 , DINO: 34 , Check?: 0, Merge?: 0
Pasimachus_punctulatus-Btray-Y2018-NEON.BET.D07.004574-NEON.BET.D07.005076                                     => True: 10 , DINO: 10 , Check?: 0, Merge?: 0
Sphaeroderus_stenostomus-Btray-Y2022-NEON.BET.D01.007920-NEON.BET.D01.008489                                   => True: 23 , DINO: 23 , Check?: 0, Merge?: 0
Cychrus_tuberculatus-Btray-Y2023-NEON.BET.D16.0044449-NEON.BET.D16.004811                                      => True: N/A, DINO: 11 , Check?: 0, Merge?: 0
Pterostichus_lama-Btray-Y2019-NEON.BET.D16.002058-NEON.BET.D16.002715                                          => True: 12 , DINO: 12 , Check?: 0, Merge?: 0
Chlaenius_emarginatus-Atray-Y2019-NEON.BET.D02.007319-NEON.BET.D02.008443                                      => True: 60 , DINO: 60 , Check?: 0, Merge?: 0
Carabus_goryi-Atray-Y2018-NEON.BET.D07.004783-NEON.BET.D07.005047                                              => True: 56 , DINO: 56 , Check?: 0, Merge?: 0
Synuchus_impunctatus-Btray-Y2015-NEON.BET.D09.000854-NEON.BET.D09.001059                                       => True: 16 , DINO: 17 , Check?: 0, Merge?: 1
Galerita_bicolor-Atray-Y2019-NEON.BET.D07.006197-NEON.BET.D07.007083                                           => True: 38 , DINO: 38 , Check?: 0, Merge?: 0
Pterostichus_novus-Atray-Y2018-NEON.BET.D05.004981-NEON.BET.D05.005099                                         => True: 47 , DINO: 47 , Check?: 0, Merge?: 0
Dicaelus_teter-Btray-Y2017-NEON.BET.D07.001654-NEON.BET.D07.002076                                             => True: 15 , DINO: 15 , Check?: 0, Merge?: 0
Carabus_serratus-Btray-Y2019-NEON.BET.D01.004566-NEON.BET.D01.004614                                           => True: 15 , DINO: 15 , Check?: 0, Merge?: 0
Galerita_bicolor-Btray-Y2021-NEON.BET.D02.010050-NEON.BET.D02.010068                                           => True: 16 , DINO: 16 , Check?: 0, Merge?: 0
Pterostichus_moestus-Btray-Y2021-NEON.BET.D07.010023-NEON.BET.D07.011986                                       => True: 25 , DINO: 25 , Check?: 0, Merge?: 0
Pasimachus_californicus-Atray-Y2015-NEON.BET.D11.000043-NEON.BET.D11.000393                                    => True: 23 , DINO: 23 , Check?: 0, Merge?: 0
Harpalus_ellipsis-Btray-Y2020-NEON.BET.D10.009863-NEON.BET.D10.012899                                          => True: 12 , DINO: 12 , Check?: 0, Merge?: 0
Cicindela_punctulata-Btray-Y2018-NEON.BET.D13.500782-NEON.BET.D13.500953                                       => True: 12 , DINO: 13 , Check?: 0, Merge?: 1
Harpalus_pensylvanicus-Btray-Y2020-NEON.BET.D06.006997-NEON.BET.D06.007281                                     => True: 16 , DINO: 16 , Check?: 0, Merge?: 0
Pasimachus_elongatus-Atray-Y2014-NEON.BET.D10.002381-NEON.BET.D10.002541                                       => True: 18 , DINO: 18 , Check?: 0, Merge?: 0
Pasimachus_elongatus-Atray-Y2020-NEON.BET.D09.006023-NEON.BET.D09.006377                                       => True: 24 , DINO: 24 , Check?: 0, Merge?: 0
Cymindis_planipennis-Btray-Y2018-NEON.BET.D10.008048-NEON.BET.D10.009790                                       => True: 23 , DINO: 23 , Check?: 0, Merge?: 0
Pasimachus_punctulatus-Atray-Y2021-NEON.BET.D07.008181-NEON.BET.D07.011051                                     => True: N/A, DINO: 22 , Check?: 0, Merge?: 0
Synuchus_impunctatus-Atray-Y2019-NEON.BET.D05.006605-NEON.BET.D05.006679                                       => True: N/A, DINO: 65 , Check?: 0, Merge?: 0
Cymindis_planipennis-Btray-Y2020-NEON.BET.D10.009853-NEON.BET.D10.0012937                                      => True: 22 , DINO: 22 , Check?: 0, Merge?: 0
Calathus_opaculus-Btray-Y2021-NEON.BET.D06.007416-NEON.BET.D06.008007                                          => True: 21 , DINO: 21 , Check?: 0, Merge?: 0
Chlaenius_emarginatus-Btray-Y2019-NEON.BET.D07.006173-NEON.BET.D07.007761                                      => True: 21 , DINO: 21 , Check?: 0, Merge?: 0
Cymindis_neglecta-Atray-Y2015-NEON.BET.D09.000813-NEON.BET.D09.001209                                          => True: N/A, DINO: 72 , Check?: 0, Merge?: 0
Pterostichus_protractus-Btray-Y2022-NEON.BET.D10.015189-NEON.BET.D10.015553                                    => True: 15 , DINO: 15 , Check?: 0, Merge?: 0
Poecilus_lucublandus-Btray-Y2022-NEON.BET.D02.011899-NEON.BET.D02.13307                                        => True: 32 , DINO: 32 , Check?: 0, Merge?: 0
Pasimachus_subsulcatus-Atray-Y2018-NEON.BET.D03.001701-NEON.BET.D03.001829                                     => True: 44 , DINO: 44 , Check?: 0, Merge?: 0
Pterostichus_coracinus-Btray-Y2018-NEON.BET.D05.004321-NEON.BET.D05.004676                                     => True: 22 , DINO: 22 , Check?: 0, Merge?: 0
Cicindela_punctulata-Btray-Y2022-NEON.BET.D10.016130-NEON.BET.D10.016646                                       => True: N/A, DINO: 18 , Check?: 0, Merge?: 0
Amara_littoralis-Btray-Y2019-NEON.BET.D12.000774-NEON.BET.D12.001047                                           => True: 13 , DINO: 13 , Check?: 0, Merge?: 0
Cyclotrachelus_sodalis-Atray-Y2020-NEON.BET.D06.006272-NEON.BET.D06.006647                                     => True: 50 , DINO: 50 , Check?: 0, Merge?: 0
Dicaelus_teter-Btray-Y2021-NEON.BET.D07.008212-NEON.BET.D07.011385                                             => True: 27 , DINO: 27 , Check?: 0, Merge?: 0
Pterostichus_panticulatus-Btray-Y2019-NEON.BET.D17.000866-NEON.BET.D17.001810                                  => True: 17 , DINO: 18 , Check?: 0, Merge?: 1
Calathus_opaculus-Atray-Y2019-NEON.BET.D11.001485-NEON.BET.D11.001846                                          => True: 31 , DINO: 31 , Check?: 0, Merge?: 0
Pasimachus_californicus-Atray-Y2022-NEON.BET.D06.008412-NEON.BET.D06.008490                                    => True: 25 , DINO: 25 , Check?: 0, Merge?: 0
Synuchus_impunctatus-Btray-Y2019-NEON.BET.D01.005685-NEON.BET.D01.005719                                       => True: 23 , DINO: 23 , Check?: 0, Merge?: 0
Cyclotrachelus_torvus-Atray-Y2019-NEON.BET.D09.004677-NEON.BET.D09.005399                                      => True: 36 , DINO: 36 , Check?: 0, Merge?: 0
Pterostichus_panticulatus-Btray-Y2020-NEON.BET.D17.001813-NEON.BET.D17.001847                                  => True: 12 , DINO: 12 , Check?: 0, Merge?: 0
Pterostichus_lachrymosus-Atray-Y2018-NEON.BET.D07.003294-NEON.BET.D07.005662                                   => True: 45 , DINO: 45 , Check?: 0, Merge?: 0
Cyclotrachelus_fucatus-Btray-Y2020-NEON.BET.D07.008991-NEON.BET.D07.009463                                     => True: 24 , DINO: 24 , Check?: 0, Merge?: 0
Pterostichus_novus-Atray-Y2019-NEON.BET.D05.005480-NEON.BET.D05.005531                                         => True: 26 , DINO: 26 , Check?: 0, Merge?: 0
Calosoma_affine-Btray-Y2018-NEON.BET.D06.004202-NEON.BET.D06.004227                                            => True: 15 , DINO: 15 , Check?: 0, Merge?: 0
Sphaeroderus_stenostomus-Btray-Y2021-NEON.BET.D05.007751-NEON.BET.D05.008481                                   => True: 18 , DINO: 18 , Check?: 0, Merge?: 0
Pasimachus_californicus-Atray-Y2015-NEON.BET.D06.000850-NEON.BET.D06.000896                                    => True: 26 , DINO: 26 , Check?: 0, Merge?: 0
Sphaeroderus_stenostomus-Btray-Y2021-NEON.BET.D01.006473-NEON.BET.D01.006606                                   => True: 33 , DINO: 33 , Check?: 0, Merge?: 0
Carabus_truncaticollis-Btray-Y2020-NEON.BET.D18.002205-NEON.BET.D18.002280                                     => True: 11 , DINO: 11 , Check?: 0, Merge?: 0
Cyclotrachelus_sodalis-Btray-Y2020-NEON.BET.D07.008997-NEON.BET.D07.009467                                     => True: 11 , DINO: 11 , Check?: 0, Merge?: 0
Pasimachus_elongatus-Atray-Y2019-NEON.BET.D09.004393-NEON.BET.D09.005109                                       => True: 29 , DINO: 29 , Check?: 0, Merge?: 0
Pterostichus_pumilus-Btray-Y2022-NEON.BET.D16.004537-NEON.BET.D16.004858                                       => True: 24 , DINO: 24 , Check?: 0, Merge?: 0
Pasimachus_elongatus-Atray-Y2020-NEON.BET.D10.009837-NEON.BET.D10.012699                                       => True: 36 , DINO: 36 , Check?: 0, Merge?: 0
Anisodactylus_haplomus-Btray-Y2022-NEON.BET.D03.004015-NEON.BET.D03.004037                                     => True: 22 , DINO: 22 , Check?: 0, Merge?: 0
Carabus_truncaticollis-Atray-Y2018-NEON.BET.D18.000870-NEON.BET.D18.001069                                     => True: 43 , DINO: 43 , Check?: 0, Merge?: 0
Calosoma_scrutator-Btray-Y2019-NEON.BET.D06.004309-NEON.BET.D06.004767                                         => True: 10 , DINO: 10 , Check?: 0, Merge?: 0
Dicaelus_dilatatus-Atray-Y2022-NEON.BET.D07.012084-NEON.BET.D07.013854                                         => True: 30 , DINO: 30 , Check?: 0, Merge?: 0
Scarites_subterraneus-Atray-Y2019-NEON.BET.D08.002620-NEON.BET.D08.002993                                      => True: 33 , DINO: 33 , Check?: 0, Merge?: 0
Scarites_vicinus-Atray-Y2019-NEON.BET.D06.005276-NEON.BET.D06.005561                                           => True: 48 , DINO: 48 , Check?: 0, Merge?: 0
Cyclotrachelus_faber-Atray-Y2021-NEON.BET.D03.003203-NEON.BET.D03.003681                                       => True: 46 , DINO: 47 , Check?: 0, Merge?: 1
Chlaenius_tomentosus-Btray-Y2019-NEON.BET.D10.010589-NEON.BET.D10.011519                                       => True: 15 , DINO: 15 , Check?: 0, Merge?: 0
Pterostichus_pensylvanicus-Atray-Y2019-NEON.BET.D01.005387-NEON.BET.D01.005501                                 => True: 61 , DINO: 61 , Check?: 0, Merge?: 0
Cratacanthus_dubius-Atray-Y2020-NEON.BET.D10.012522-NEON.BET.D10.013365                                        => True: 38 , DINO: 38 , Check?: 0, Merge?: 0
Harpalus_opacipennis-Btray-Y2023-NEON.BET.D09.010244-NEON.BET.D09.010408                                       => True: 25 , DINO: 25 , Check?: 0, Merge?: 0
Cyclotrachelus_sodalis-Atray-Y2017-NEON.BET.D08.001423-NEON.BET.D08.001639                                     => True: 39 , DINO: 39 , Check?: 0, Merge?: 0
Calathus_advena-Btray-Y2023-NEON.BET.D10.017141-NEON.BET.D10.017698                                            => True: N/A, DINO: 24 , Check?: 0, Merge?: 0
Cyclotrachelus_torvus-Btray-Y2021-NEON.BET.D09.005607-NEON.BET.D09.007226                                      => True: 20 , DINO: 20 , Check?: 0, Merge?: 0
Pterostichus_coracinus-Btray-Y2021-NEON.BET.D07.008213-NEON.BET.D07.00011739                                   => True: 19 , DINO: 19 , Check?: 0, Merge?: 0
Poecilus_lucublandus-Atray-Y2019-NEON.BET.D06.004228-NEON.BET.D06.004558                                       => True: 31 , DINO: 31 , Check?: 0, Merge?: 0
Pasimachus_elongatus-Atray-Y2022-NEON.BET.D06.008214-NEON.BET.D06.008686                                       => True: 38 , DINO: 38 , Check?: 0, Merge?: 0
Cymindis_cribricollis-Atray-Y2018-NEON.BET.D01.003553-NEON.BET.D01.004331                                      => True: 46 , DINO: 46 , Check?: 0, Merge?: 0
Pterostichus_protractus-Btray-Y2020-NEON.BET.D10.013283-NEON.BET.D10.013527                                    => True: 19 , DINO: 19 , Check?: 0, Merge?: 0
Chlaenius_aestivus-Btray-Y2022-NEON.BET.D02.13258-NEON.BET.D02.13393                                           => True: 31 , DINO: 31 , Check?: 0, Merge?: 0
Pasimachus_elongatus-Atray-Y2022-NEON.BET.D09.007875-NEON.BET.D09.008918                                       => True: 28 , DINO: 28 , Check?: 0, Merge?: 0
Chlaenius_aestivus-Atray-Y2019-NEON.BET.D02.008293-NEON.BET.D02.008350                                         => True: 55 , DINO: 55 , Check?: 0, Merge?: 0
Pasimachus_punctulatus-Btray-Y2017-NEON.BET.D07.002092-NEON.BET.D07.002770                                     => True: 10 , DINO: 10 , Check?: 0, Merge?: 0
Pterostichus_lama-Atray-Y2019-NEON.BET.D16.002868-NEON.BET.D16.002959                                          => True: 30 , DINO: 30 , Check?: 0, Merge?: 0
Pterostichus_rostratus-Atray-Y2019-NEON.BET.D01.004596-NEON.BET.D01.005451                                     => True: 34 , DINO: 34 , Check?: 0, Merge?: 0
Carabus_truncaticollis-Btray-Y2021-NEON.BET.D18.002571-NEON.BET.D18.002633                                     => True: 52 , DINO: 52 , Check?: 0, Merge?: 0
Cymindis_cribricollis-Btray-Y2018-NEON.BET.D01.003140-NEON.BET.D01.004332                                      => True: 32 , DINO: 32 , Check?: 0, Merge?: 0
Pterostichus_lama-Atray-Y2020-NEON.BET.D16.003178-NEON.BET.D16.003336                                          => True: 30 , DINO: 30 , Check?: 0, Merge?: 0
Pasimachus_elongatus-Atray-Y2021-NEON.BET.D10.013602-NEON.BET.D10.014147                                       => True: 35 , DINO: 35 , Check?: 0, Merge?: 0
Carabus_truncaticollis-Atray-Y2019-NEON.BET.D18.001554-NEON.BET.D18.001607                                     => True: 43 , DINO: 43 , Check?: 0, Merge?: 0
Cymindis_neglecta-Btray-Y2017-NEON.BET.D09.002501-NEON.BET.D09.002514                                          => True: 12 , DINO: 12 , Check?: 0, Merge?: 0
Pasimachus_californicus-Atray-Y2018-NEON.BET.D06.003301-NEON.BET.D06.003438                                    => True: 25 , DINO: 25 , Check?: 0, Merge?: 0
Pterostichus_ordinarius-Btray-Y2019-NEON.BET.D17.001812-NEON.BET.D17.001859                                    => True: 9  , DINO: 9  , Check?: 0, Merge?: 0
Pasimachus_elongatus-Atray-Y2018-NEON.BET.D06.003365-NEON.BET.D06.003546                                       => True: 29 , DINO: 29 , Check?: 0, Merge?: 0
Dicaelus_teter-Atray-Y2018-NEON.BET.D07.003250-NEON.BET.D07.004866                                             => True: 56 , DINO: 56 , Check?: 0, Merge?: 0
Harpalus_herbivagus-Btray-Y2019-NEON.BET.D10.009961-NEON.BET.D10.012196                                        => True: 18 , DINO: 18 , Check?: 0, Merge?: 0
Pterostichus_coracinus-Atray-Y2022-NEON.BET.D07.012438-NEON.BET.D07.013750                                     => True: 27 , DINO: 27 , Check?: 0, Merge?: 0
Piosoma_setosum-Btray-Y2015-NEON.BET.D10.002675-NEON.BET.D10.003086                                            => True: 19 , DINO: 19 , Check?: 0, Merge?: 0
Scarites_subterraneus-Atray-Y2018-NEON.BET.D06.003665-NEON.BET.D06.003843                                      => True: 42 , DINO: 42 , Check?: 0, Merge?: 0
Amara_obesa-Btray-Y2018-NEON.BET.D09.003677-NEON.BET.D09.004136                                                => True: 18 , DINO: 18 , Check?: 0, Merge?: 0
Sphaeroderus_stenostomus-Btray-Y2021-NEON.BET.D01.006468-NEON.BET.D01.006855                                   => True: 24 , DINO: 24 , Check?: 0, Merge?: 0
Pasimachus_elongatus-Atray-Y2021-NEON.BET.D10.013944-NEON.BET.D10.015156                                       => True: 35 , DINO: 35 , Check?: 0, Merge?: 0
Pterostichus_coracinus-Atray-Y2022-NEON.BET.D07.012277-NEON.BET.D07.013927                                     => True: 45 , DINO: 45 , Check?: 0, Merge?: 0
Carabus_taedatus-Btray-Y2018-NEON.BET.D13.001528-NEON.BET.D13.001955                                           => True: 20 , DINO: 20 , Check?: 0, Merge?: 0
Pterostichus_melanarius-Atray-Y2021-NEON.BET.D05.007666-NEON.BET.D05.008307                                    => True: 70 , DINO: 70 , Check?: 0, Merge?: 0
Cyclotrachelus_substriatus-Atray-Y2019-NEON.BET.D06.004576-NEON.BET.D06.005254                                 => True: 47 , DINO: 47 , Check?: 0, Merge?: 0
Cyclotrachelus_sodalis-Btray-Y2018-NEON.BET.D06.003146-NEON.BET.D06.003580                                     => True: 19 , DINO: 19 , Check?: 0, Merge?: 0
Pterostichus_mutus-Atray-Y2019-NEON.BET.D05.005824-NEON.BET.D05.006565                                         => True: 56 , DINO: 56 , Check?: 0, Merge?: 0
Pterostichus_ordinarius-Atray-Y2019-NEON.BET.D17.000936-NEON.BET.D17.001612                                    => True: 38 , DINO: 38 , Check?: 0, Merge?: 0
Pterostichus_serripes-Atray-Y2018-NEON.BET.D17.000570-NEON.BET.D17.000773                                      => True: 38 , DINO: 38 , Check?: 0, Merge?: 0
Sphaeroderus_stenostomus-Btray-Y2019-NEON.BET.D05.005865-NEON.BET.D05.005880                                   => True: 13 , DINO: 13 , Check?: 0, Merge?: 0
Agonum_gratiosum-Btray-Y2018-NEON.BET.D05.003734-NEON.BET.D05.004536                                           => True: 23 , DINO: 23 , Check?: 0, Merge?: 0
Pterostichus_lama-Atray-Y2021-NEON.BET.D17.002205-NEON.BET.D17.002233                                          => True: 22 , DINO: 22 , Check?: 0, Merge?: 0
Harpalus_ellipsis-Atray-Y2019-NEON.BET.D12.000722-NEON.BET.D12.001358                                          => True: 42 , DINO: 42 , Check?: 0, Merge?: 0
Carabus_goryi-Atray-Y2018-NEON.BET.D07.003263-NEON.BET.D07.003528                                              => True: 48 , DINO: 48 , Check?: 0, Merge?: 0
Pterostichus_pensylvanicus-Btray-Y2021-NEON.BET.D05.007734-NEON.BET.D05.008471                                 => True: 32 , DINO: 32 , Check?: 0, Merge?: 0
Dromochorus_belfragei-Btray-Y2019-NEON.BET.D11.001855-NEON.BET.D11.001865                                      => True: 10 , DINO: 10 , Check?: 0, Merge?: 0
Pasimachus_californicus-Atray-Y2015-NEON.BET.D11.000453-NEON.BET.D11.000495                                    => True: N/A, DINO: 27 , Check?: 0, Merge?: 0
Pterostichus_trinarius-Atray-Y2019-NEON.BET.D02.007526-NEON.BET.D02.007596                                     => True: 63 , DINO: 63 , Check?: 0, Merge?: 0
Pterostichus_pensylvanicus-Atray-Y2018-NEON.BET.D05.003959-NEON.BET.D05.005137                                 => True: 55 , DINO: 55 , Check?: 0, Merge?: 0
Zacotus_matthewsii-Btray-Y2019-NEON.BET.D16.002988-NEON.BET.D16.003042                                         => True: 11 , DINO: 11 , Check?: 0, Merge?: 0
Pasimachus_punctulatus-Atray-Y2019-NEON.BET.D07.006897-NEON.BET.D07.007393                                     => True: 20 , DINO: 20 , Check?: 0, Merge?: 0
Sphaeroderus_stenostomus-Atray-Y2019-NEON.BET.D07.006410-NEON.BET.D07.008086                                   => True: 38 , DINO: 38 , Check?: 0, Merge?: 0
Pasimachus_punctulatus-Atray-Y2018-NEON.BET.D07.003459-NEON.BET.D07.004918                                     => True: 20 , DINO: 20 , Check?: 0, Merge?: 0
Synuchus_impunctatus-Atray-Y2020-NEON.BET.D01.006359-NEON.BET.D01.006447                                       => True: 71 , DINO: 71 , Check?: 0, Merge?: 0
Harpalus_pensylvanicus-Btray-Y2018-NEON.BET.D10.008785-NEON.BET.D10.009382                                     => True: 20 , DINO: 20 , Check?: 0, Merge?: 0
Harpalus_opacipennis-Btray-Y2019-NEON.BET.D09.005138-NEON.BET.D09.005695                                       => True: 25 , DINO: 25 , Check?: 0, Merge?: 0
Pasimachus_punctulatus-Atray-Y2022-NEON.BET.D07.012063-NEON.BET.D07.012379                                     => True: 22 , DINO: 23 , Check?: 0, Merge?: 1
Pasimachus_elongatus-Atray-Y2022-NEON.BET.D09.008482-NEON.BET.D09.008666                                       => True: 42 , DINO: 42 , Check?: 0, Merge?: 0
Dicaelus_dilatatus-Atray-Y2021-NEON.BET.D07.008191-NEON.BET.D07.011942                                         => True: N/A, DINO: 30 , Check?: 0, Merge?: 0
Pterostichus_rostratus-Atray-Y2019-NEON.BET.D01.005416-NEON.BET.D01.005462                                     => True: 41 , DINO: 41 , Check?: 0, Merge?: 0
Sphaeroderus_canadensis-Atray-Y2018-NEON.BET.D01.003253-NEON.BET.D01.004119                                    => True: 46 , DINO: 46 , Check?: 0, Merge?: 0
Synuchus_impunctatus-Atray-Y2019-NEON.BET.D01.004628-NEON.BET.D01.005718                                       => True: 47 , DINO: 47 , Check?: 0, Merge?: 0
Galerita_bicolor-Btray-Y2022-NEON.BET.D08.003709-NEON.BET.D08.003903                                           => True: 8  , DINO: 8  , Check?: 0, Merge?: 0
Cyclotrachelus_sigillatus-Btray-Y2018-NEON.BET.D02.006037-NEON.BET.D02.006078                                  => True: 18 , DINO: 18 , Check?: 0, Merge?: 0
Zacotus_matthewsii-Atray-Y2019-NEON.BET.D16.002774-NEON.BET.D16.002973                                         => True: 46 , DINO: 46 , Check?: 0, Merge?: 0
Omus_dejeanii-Atray-Y2019-NEON.BET.D16.002120-NEON.BET.D16.003103                                              => True: 37 , DINO: 37 , Check?: 0, Merge?: 0
Harpalus_desertus-Btray-Y2019-NEON.BET.D10.010026-NEON.BET.D10.011709                                          => True: 30 , DINO: 30 , Check?: 0, Merge?: 0
Amara_lindrothi-Btray-Y2019-NEON.BET.D13.002088-NEON.BET.D13.002261                                            => True: 21 , DINO: 21 , Check?: 0, Merge?: 0
Dicaelus_elongatus-Btray-Y2022-NEON.BET.D02.011900-NEON.BET.D02.013239                                         => True: 22 , DINO: 22 , Check?: 0, Merge?: 0
Pasimachus_punctulatus-Atray-Y2019-NEON.BET.D07.007606-NEON.BET.D07.008062                                     => True: 19 , DINO: 20 , Check?: 0, Merge?: 1
Harpalus_pensylvanicus-Atray-Y2021-NEON.BET.D06.007406-NEON.BET.D06.008026                                     => True: 35 , DINO: 35 , Check?: 0, Merge?: 0
Myas_cyanescens-Btray-Y2022-NEON.BET.D07.012196-NEON.BET.D07.013602                                            => True: 12 , DINO: 12 , Check?: 0, Merge?: 0
Cicindela_punctulata-Btray-Y2015-NEON.BET.D10.003708-NEON.BET.D10.004165                                       => True: 15 , DINO: 15 , Check?: 0, Merge?: 0
Pterostichus_mutus-Atray-Y2023-NEON.BET.D05.009274-NEON.BET.D05.009755                                         => True: N/A, DINO: 41 , Check?: 0, Merge?: 0
Pasimachus_elongatus-Atray-Y2022-NEON.BET.D06.008616-NEON.BET.D06.009001                                       => True: 18 , DINO: 18 , Check?: 0, Merge?: 0
Carabus_goryi-Atray-Y2021-NEON.BET.D07.010267-NEON.BET.D07.010473                                              => True: 47 , DINO: 47 , Check?: 0, Merge?: 0
Calosoma_affine-Btray-Y2019-NEON.BET.D06.005268-NEON.BET.D06.006123                                            => True: 14 , DINO: 14 , Check?: 0, Merge?: 0
Pterostichus_lachrymosus-Atray-Y2022-NEON.BET.D07.013010-NEON.BET.D07.014021                                   => True: 51 , DINO: 51 , Check?: 0, Merge?: 0
Cyclotrachelus_freitagi-Btray-Y2022-NEON.BET.D07.013102-NEON.BET.D07.013679                                    => True: 17 , DINO: 17 , Check?: 0, Merge?: 0
Scarites_subterraneus-Btray-Y2018-NEON.BET.D06.003005-NEON.BET.D06.004077                                      => True: 14 , DINO: 14 , Check?: 0, Merge?: 0
Pasimachus_californicus-Atray-Y2015-NEON.BET.D11.000412-NEON.BET.D11.000443                                    => True: 24 , DINO: 24 , Check?: 0, Merge?: 0
Galerita_bicolor-Atray-Y2019-NEON.BET.D08.002675-NEON.BET.D08.002961                                           => True: 18 , DINO: 18 , Check?: 0, Merge?: 0
Dicaelus_dilatatus-Atray-Y2017-NEON.BET.D07.001658-NEON.BET.D07.002676                                         => True: N/A, DINO: 31 , Check?: 0, Merge?: 0
Pterostichus_stygicus-Btray-Y2019-NEON.BET.D02.007414-NEON.BET.D02.009049                                      => True: 36 , DINO: 36 , Check?: 0, Merge?: 0
Harpalus_pensylvanicus-Btray-Y2022-NEON.BET.D06.008130-NEON.BET.D06.008828                                     => True: 20 , DINO: 20 , Check?: 0, Merge?: 0
Chlaenius_tomentosus-Btray-Y2020-NEON.BET.D06.006300-NEON.BET.D06.007201                                       => True: 23 , DINO: 23 , Check?: 0, Merge?: 0
Pterostichus_lachrymosus-Atray-Y2019-NEON.BET.D07.007482-NEON.BET.D07.007949                                   => True: 52 , DINO: 52 , Check?: 0, Merge?: 0
Amara_quenseli-Btray-Y2018-NEON.BET.D10.007014-NEON.BET.D10.009819                                             => True: 32 , DINO: 32 , Check?: 0, Merge?: 0
Dicaelus_sculptilis-Btray-Y2020-NEON.BET.D06.006140-NEON.BET.D06.006278                                        => True: 11 , DINO: 11 , Check?: 0, Merge?: 0
Pterostichus_coracinus-Atray-Y2021-NEON.BET.D07.008231-NEON.BET.D07.011928                                     => True: 71 , DINO: 71 , Check?: 0, Merge?: 0
Scaphinotus_angusticollis-Atray-Y2019-NEON.BET.D16.003024-NEON.BET.D16.003088                                  => True: 37 , DINO: 37 , Check?: 0, Merge?: 0
Pasimachus_punctulatus-Btray-Y2019-NEON.BET.D07.007173-NEON.BET.D07.008114                                     => True: 10 , DINO: 10 , Check?: 0, Merge?: 0
Pasimachus_punctulatus-Atray-Y2021-NEON.BET.D07.010463-NEON.BET.D07.011114                                     => True: 26 , DINO: 26 , Check?: 0, Merge?: 0
Pterostichus_protractus-Atray-Y2019-NEON.BET.D10.011917-NEON.BET.D10.012270                                    => True: 42 , DINO: 43 , Check?: 0, Merge?: 1
Dicaelus_teter-Atray-Y2017-NEON.BET.D07.002223-NEON.BET.D07.002722                                             => True: 37 , DINO: 37 , Check?: 0, Merge?: 0
Chlaenius_emarginatus-Atray-Y2019-NEON.BET.D01.004608-NEON.BET.D01.004710                                      => True: 30 , DINO: 30 , Check?: 0, Merge?: 0
Pterostichus_ventricosus-Btray-Y2018-NEON.BET.D19.000384-NEON.BET.D19.000419                                   => True: 12 , DINO: 12 , Check?: 0, Merge?: 0
Pasimachus_punctulatus-Atray-Y2022-NEON.BET.D07.012263-NEON.BET.D07.014044                                     => True: N/A, DINO: 25 , Check?: 0, Merge?: 0
Carabus_vinctus-Btray-Y2018-NEON.BET.D02.005481-NEON.BET.D02.005501                                            => True: 16 , DINO: 16 , Check?: 0, Merge?: 0
Cyclotrachelus_sigillatus-Btray-Y2023-NEON.BET.D02.14143-NEON.BET.D02.14440                                    => True: 13 , DINO: 13 , Check?: 0, Merge?: 0
Dicaelus_purpuratus-Btray-Y2019-NEON.BET.D07.005710-NEON.BET.D07.007596                                        => True: 12 , DINO: 12 , Check?: 0, Merge?: 0
Harpalus_desertus-Btray-Y2022-NEON.BET.D13.501598-NEON.BET.D13.501614                                          => True: 12 , DINO: 12 , Check?: 0, Merge?: 0
Platynus_decentis-Btray-Y2019-NEON.BET.D07.005924-NEON.BET.D07.007029                                          => True: N/A, DINO: 16 , Check?: 0, Merge?: 0
Synuchus_impunctatus-Btray-Y2017-NEON.BET.D09.002320-NEON.BET.D09.002381                                       => True: 13 , DINO: 14 , Check?: 0, Merge?: 1
Cratacanthus_dubius-Atray-Y2022-NEON.BET.D10.016371-NEON.BET.D10.016586                                        => True: 63 , DINO: 63 , Check?: 0, Merge?: 0
Calathus_ingratus-Btray-Y2019-NEON.BET.D19.000607-NEON.BET.D19.000665                                          => True: 16 , DINO: 16 , Check?: 0, Merge?: 0
Dicaelus_teter-Atray-Y2019-NEON.BET.D07.006839-NEON.BET.D07.007372                                             => True: 49 , DINO: 49 , Check?: 0, Merge?: 0
Cyclotrachelus_convivus-Btray-Y2017-NEON.BET.D08.001391-NEON.BET.D08.001860                                    => True: 45 , DINO: 45 , Check?: 0, Merge?: 0
Cratacanthus_dubius-Atray-Y2018-NEON.BET.D10.008364-NEON.BET.D10.009813                                        => True: 40 , DINO: 40 , Check?: 0, Merge?: 0
Omus_dejeanii-Btray-Y2019-NEON.BET.D16.002842-NEON.BET.D16.002863                                              => True: 8  , DINO: 8  , Check?: 0, Merge?: 0
Brachinus_alternans-Atray-Y2019-NEON.BET.D08.002642-NEON.BET.D08.002893                                        => True: 24 , DINO: 24 , Check?: 0, Merge?: 0
Cyclotrachelus_sodalis-Btray-Y2019-NEON.BET.D07.005779-NEON.BET.D07.007935                                     => True: 16 , DINO: 16 , Check?: 0, Merge?: 0
Carabus_goryi-Atray-Y2021-NEON.BET.D07.009970-NEON.BET.D07.010260                                              => True: 45 , DINO: 45 , Check?: 0, Merge?: 0
Poecilus_lucublandus-Atray-Y2021-NEON.BET.D09.006735-NEON.BET.D09.007820                                       => True: 40 , DINO: 40 , Check?: 0, Merge?: 0
Dicheirus_piceus-Atray-Y2021-NEON.BET.D17.001922-NEON.BET.D17.002038                                           => True: 63 , DINO: 63 , Check?: 0, Merge?: 0
Pterostichus_protractus-Atray-Y2018-NEON.BET.D12.000035-NEON.BET.D12.000686                                    => True: 43 , DINO: 43 , Check?: 0, Merge?: 0
Agonum_quinquepunctatum-Btray-Y2019-NEON.BET.D18.001240-NEON.BET.D18.001796                                    => True: 16 , DINO: 16 , Check?: 0, Merge?: 0
Synuchus_impunctatus-Atray-Y2018-NEON.BET.D05.005264-NEON.BET.D05.005301                                       => True: 33 , DINO: 33 , Check?: 0, Merge?: 0
Pterostichus_acutipes-Btray-Y2021-NEON.BET.D07.011288-NEON.BET.D07.011976                                      => True: 34 , DINO: 34 , Check?: 0, Merge?: 0
Carabus_goryi-Atray-Y2021-NEON.BET.D07.010800-NEON.BET.D07.011084                                              => True: 48 , DINO: 48 , Check?: 0, Merge?: 0
Cyclotrachelus_sigillatus-Atray-Y2021-NEON.BET.D07.010550-NEON.BET.D07.011964                                  => True: 34 , DINO: 34 , Check?: 0, Merge?: 0
Pasimachus_elongatus-Atray-Y2018-NEON.BET.D10.009607-NEON.BET.D10.009690                                       => True: 28 , DINO: 28 , Check?: 0, Merge?: 0
Pterostichus_lama-Atray-Y2021-NEON.BET.D17.002015-NEON.BET.D17.002299                                          => True: 22 , DINO: 22 , Check?: 0, Merge?: 0
Calosoma_calidum-Atray-Y2019-NEON.BET.D09.002760-NEON.BET.D09.005676                                           => True: 47 , DINO: 47 , Check?: 0, Merge?: 0
Pterostichus_restrictus-Atray-Y2020-NEON.BET.D10.013305-NEON.BET.D10.002525                                    => True: 46 , DINO: 46 , Check?: 0, Merge?: 0
Pterostichus_herculaneus-Btray-Y2017-NEON.BET.D16.000351-NEON.BET.D16.000442                                   => True: 16 , DINO: 16 , Check?: 0, Merge?: 0
Scarites_subterraneus-Btray-Y2019-NEON.BET.D02.007439-NEON.BET.D02.008965                                      => True: 14 , DINO: 15 , Check?: 0, Merge?: 1
Tetracha_virginica-Btray-Y2018-NEON.BET.D06.002962-NEON.BET.D06.004032                                         => True: 13 , DINO: 13 , Check?: 0, Merge?: 0
Brachinus_alternans-Atray-Y2019-NEON.BET.D06.004246-NEON.BET.D06.004526                                        => True: 45 , DINO: 45 , Check?: 0, Merge?: 0
Harpalus_somnulentus-Btray-Y2018-NEON.BET.D09.002827-NEON.BET.D09.004006                                       => True: 15 , DINO: 15 , Check?: 0, Merge?: 0
Cratacanthus_dubius-Atray-Y2019-NEON.BET.D10.010680-NEON.BET.D10.012188                                        => True: 61 , DINO: 61 , Check?: 0, Merge?: 0
Pasimachus_elongatus-Btray-Y2020-NEON.BET.D10.009838-NEON.BET.D10.013374                                       => True: 13 , DINO: 13 , Check?: 0, Merge?: 0
Pterostichus_lachrymosus-Atray-Y2019-NEON.BET.D01.004881-NEON.BET.D01.004929                                   => True: 38 , DINO: 38 , Check?: 0, Merge?: 0
Pasimachus_punctulatus-Atray-Y2018-NEON.BET.D07.003278-NEON.BET.D07.003521                                     => True: 20 , DINO: 20 , Check?: 0, Merge?: 0
Sphaeroderus_stenostomus-Atray-Y2019-NEON.BET.D01.004336-NEON.BET.D01.004395                                   => True: 36 , DINO: 36 , Check?: 0, Merge?: 0
Scaphinotus_marginatus-Btray-Y2019-NEON.BET.D16.002621-NEON.BET.D16.003163                                     => True: 14 , DINO: 14 , Check?: 0, Merge?: 0
Cyclotrachelus_furtivus-Btray-Y2021-NEON.BET.D02.010008-NEON.BET.D02.101129                                    => True: 22 , DINO: 22 , Check?: 0, Merge?: 0
Pterostichus_lama-Btray-Y2019-NEON.BET.D17.001251-NEON.BET.D17.001297                                          => True: 12 , DINO: 12 , Check?: 0, Merge?: 0
Pterostichus_moestus-Btray-Y2019-NEON.BET.D07.006966-NEON.BET.D07.007745                                       => True: 18 , DINO: 18 , Check?: 0, Merge?: 0
Pterostichus_lachrymosus-Atray-Y2018-NEON.BET.D07.003535-NEON.BET.D07.005253                                   => True: 63 , DINO: 63 , Check?: 0, Merge?: 0
Pterostichus_lachrymosus-Atray-Y2018-NEON.BET.D07.004362-NEON.BET.D07.005349                                   => True: 35 , DINO: 35 , Check?: 0, Merge?: 0
Pasimachus_californicus-Atray-Y2021-NEON.BET.D06.007729-NEON.BET.D06.007966                                    => True: 34 , DINO: 34 , Check?: 0, Merge?: 0
Pterostichus_caribou-Atray-Y2018-NEON.BET.D18.000560-NEON.BET.D18.001204                                       => True: 33 , DINO: 33 , Check?: 0, Merge?: 0
Pterostichus_coracinus-Atray-Y2019-NEON.BET.D01.005233-NEON.BET.D01.005281                                     => True: 36 , DINO: 36 , Check?: 0, Merge?: 0
Brachinus_alternans-Btray-Y2019-NEON.BET.D06.004527-NEON.BET.D06.004562                                        => True: 15 , DINO: 15 , Check?: 0, Merge?: 0
Pterostichus_tristis-Btray-Y2022-NEON.BET.D05.008703-NEON.BET.D05.009168                                       => True: 10 , DINO: 10 , Check?: 0, Merge?: 0
Harpalus_desertus-Btray-Y2021-NEON.BET.D10.013605-NEON.BET.D10.014914                                          => True: 35 , DINO: 35 , Check?: 0, Merge?: 0
Cyclotrachelus_convivus-Btray-Y2017-NEON.BET.D08.001861-NEON.BET.D08.001918                                    => True: 26 , DINO: 26 , Check?: 0, Merge?: 0
Pasimachus_californicus-Atray-Y2019-NEON.BET.D06.004995-NEON.BET.D06.005095                                    => True: 20 , DINO: 20 , Check?: 0, Merge?: 0
Harpalus_somnulentus-Btray-Y2019-NEON.BET.D05.005761-NEON.BET.D05.006410                                       => True: 14 , DINO: 14 , Check?: 0, Merge?: 0
Pasimachus_californicus-Atray-Y2019-NEON.BET.D06.005194-NEON.BET.D06.005227                                    => True: 14 , DINO: 14 , Check?: 0, Merge?: 0
Chlaenius_aestivus-Atray-Y2019-NEON.BET.D02.007941-NEON.BET.D02.008004                                         => True: 56 , DINO: 56 , Check?: 0, Merge?: 0
Cyclotrachelus_torvus-Btray-Y2017-NEON.BET.D09.002483-NEON.BET.D09.002647                                      => True: 15 , DINO: 15 , Check?: 0, Merge?: 0
Anisodactylus_haplomus-Btray-Y2022-NEON.BET.D11.002421-NEON.BET.D11.002919                                     => True: 14 , DINO: 14 , Check?: 0, Merge?: 0
Synuchus_impunctatus-Atray-Y2021-NEON.BET.D01.006640-NEON.BET.D01.007549                                       => True: 42 , DINO: 42 , Check?: 0, Merge?: 0
Synuchus_impunctatus-Btray-Y2021-NEON.BET.D01.007532-NEON.BET.D01.007577                                       => True: 41 , DINO: 41 , Check?: 0, Merge?: 0
Pterostichus_novus-Atray-Y2018-NEON.BET.D05.004872-NEON.BET.D05.004944                                         => True: 56 , DINO: 56 , Check?: 0, Merge?: 0
Galerita_bicolor-Btray-Y2021-NEON.BET.D07.008314-NEON.BET.D07.010003                                           => True: 15 , DINO: 15 , Check?: 0, Merge?: 0
Carabus_goryi-Atray-Y2017-NEON.BET.D07.002269-NEON.BET.D07.002867                                              => True: 41 , DINO: 41 , Check?: 0, Merge?: 0
Cyclotrachelus_torvus-Atray-Y2019-NEON.BET.D09.005248-NEON.BET.D09.005500                                      => True: 47 , DINO: 47 , Check?: 0, Merge?: 0
Cyclotrachelus_fucatus-Atray-Y2022-NEON.BET.D07.013218-NEON.BET.D07.013993                                     => True: 30 , DINO: 30 , Check?: 0, Merge?: 0
Pasimachus_elongatus-Atray-Y2018-NEON.BET.D06.003697-NEON.BET.D06.004178                                       => True: 26 , DINO: 26 , Check?: 0, Merge?: 0
Pterostichus_novus-Btray-Y2021-NEON.BET.D05.008239-NEON.BET.D05.008273                                         => True: 32 , DINO: 32 , Check?: 0, Merge?: 0
Sphaeroderus_stenostomus-Atray-Y2018-NEON.BET.D01.003785-NEON.BET.D01.003832                                   => True: 40 , DINO: 40 , Check?: 0, Merge?: 0
Amara_scitula-Btray-Y2019-NEON.BET.D17.001073-NEON.BET.D17.001572                                              => True: 8  , DINO: 8  , Check?: 0, Merge?: 0
Pterostichus_permundus-Btray-Y2018-NEON.BET.D06.003416-NEON.BET.D06.004073                                     => True: 13 , DINO: 13 , Check?: 0, Merge?: 0
Galerita_bicolor-Atray-Y2021-NEON.BET.D08.003115-NEON.BET.D08.003508                                           => True: 31 , DINO: 31 , Check?: 0, Merge?: 0
Pasimachus_elongatus-Atray-Y2018-NEON.BET.D10.009759-NEON.BET.D10.009806                                       => True: 30 , DINO: 30 , Check?: 0, Merge?: 0
Carabus_goryi-Atray-Y2019-NEON.BET.D01.004501-NEON.BET.D01.004540                                              => True: 35 , DINO: 35 , Check?: 0, Merge?: 0
Pasimachus_elongatus-Btray-Y2021-NEON.BET.D09.005609-NEON.BET.D09.007785                                       => True: 23 , DINO: 23 , Check?: 0, Merge?: 0
Sphaeroderus_stenostomus-Atray-Y2021-NEON.BET.D07.008240-NEON.BET.D07.011683                                   => True: N/A, DINO: 51 , Check?: 0, Merge?: 0
Pterostichus_caribou-Atray-Y2019-NEON.BET.D18.001851-NEON.BET.D18.002170                                       => True: 14 , DINO: 14 , Check?: 0, Merge?: 0
Harpalus_amputatus-Btray-Y2019-NEON.BET.D06.005487-NEON.BET.D06.006095                                         => True: 19 , DINO: 19 , Check?: 0, Merge?: 0
Anisodactylus_merula-Btray-Y2019-NEON.BET.D03.002290-NEON.BET.D03.002455                                       => True: 16 , DINO: 16 , Check?: 0, Merge?: 0
Galerita_bicolor-Btray-Y2020-NEON.BET.D07.009011-NEON.BET.D07.009484                                           => True: 12 , DINO: 12 , Check?: 0, Merge?: 0
Brachinus_alternans-Atray-Y2022-NEON.BET.D06.008447-NEON.BET.D06.009032                                        => True: 56 , DINO: 56 , Check?: 0, Merge?: 0
Chlaenius_aestivus-Atray-Y2022-NEON.BET.D02.011906-NEON.BET.D02.12120                                          => True: 49 , DINO: 49 , Check?: 0, Merge?: 0
Calathus_advena-Btray-Y2019-NEON.BET.D13.002042-NEON.BET.D13.002044                                            => True: 26 , DINO: 26 , Check?: 0, Merge?: 0
Myas_coracinus-Btray-Y2021-NEON.BET.D07.008287-NEON.BET.D07.011033                                             => True: 14 , DINO: 14 , Check?: 0, Merge?: 0
Pasimachus_punctulatus-Btray-Y2018-NEON.BET.D08.002029-NEON.BET.D08.002464                                     => True: 5  , DINO: 5  , Check?: 0, Merge?: 0
Harpalus_opacipennis-Btray-Y2020-NEON.BET.D09.005810-NEON.BET.D09.006689                                       => True: 12 , DINO: 12 , Check?: 0, Merge?: 0
Synuchus_impunctatus-Atray-Y2018-NEON.BET.D05.004025-NEON.BET.D05.005299                                       => True: 60 , DINO: 60 , Check?: 0, Merge?: 0
Anisodactylus_merula-Btray-Y2018-NEON.BET.D07.004300-NEON.BET.D07.005939                                       => True: 15 , DINO: 15 , Check?: 0, Merge?: 0
Pterostichus_rostratus-Btray-Y2023-NEON.BET.D07.014859-NEON.BET.D07.015111                                     => True: 12 , DINO: 12 , Check?: 0, Merge?: 0
Pterostichus_permundus-Btray-Y2020-NEON.BET.D06.006306-NEON.BET.D06.007325                                     => True: 20 , DINO: 20 , Check?: 0, Merge?: 0
Dicaelus_elongatus-Btray-Y2019-NEON.BET.D06.004236-NEON.BET.D06.005068                                         => True: 15 , DINO: 15 , Check?: 0, Merge?: 0
Cratacanthus_dubius-Btray-Y2021-NEON.BET.D10.013772-NEON.BET.D10.015263                                        => True: 29 , DINO: 29 , Check?: 0, Merge?: 0
Pasimachus_californicus-Atray-Y2019-NEON.BET.D06.004575-NEON.BET.D06.004761                                    => True: 24 , DINO: 24 , Check?: 0, Merge?: 0
Scaphinotus_angusticollis-Btray-Y2019-NEON.BET.D16.002617-NEON.BET.D16.003159                                  => True: 16 , DINO: 16 , Check?: 0, Merge?: 0
Pasimachus_californicus-Atray-Y2019-NEON.BET.D06.004907-NEON.BET.D06.004986                                    => True: 20 , DINO: 20 , Check?: 0, Merge?: 0
Anisodactylus_dulcicollis-Atray-Y2018-NEON.BET.D02.006886-NEON.BET.D02.006948                                  => True: 55 , DINO: 55 , Check?: 0, Merge?: 0
Cyclotrachelus_torvus-Btray-Y2020-NEON.BET.D10.012918-NEON.BET.D10.013278                                      => True: 16 , DINO: 16 , Check?: 0, Merge?: 0
Pterostichus_coracinus-Atray-Y2019-NEON.BET.D05.006133-NEON.BET.D05.006459                                     => True: 44 , DINO: 44 , Check?: 0, Merge?: 0
Galerita_bicolor-Btray-Y2020-NEON.BET.D02.009402-NEON.BET.D02.009428                                           => True: 20 , DINO: 20 , Check?: 0, Merge?: 0
Dicaelus_politus-Btray-Y2020-NEON.BET.D07.009116-NEON.BET.D07.009478                                           => True: 11 , DINO: 12 , Check?: 0, Merge?: 1
Pterostichus_novus-Btray-Y2020-NEON.BET.D05.007049-NEON.BET.D05.007240                                         => True: 18 , DINO: 18 , Check?: 0, Merge?: 0
Myas_cyanescens-Btray-Y2018-NEON.BET.D07.003314-NEON.BET.D07.004794                                            => True: 17 , DINO: 17 , Check?: 0, Merge?: 0
Pterostichus_melanarius-Atray-Y2021-NEON.BET.D05.008308-NEON.BET.D05.008365                                    => True: 44 , DINO: 44 , Check?: 0, Merge?: 0
Harpalus_somnulentus-Btray-Y2021-NEON.BET.D09.006836-NEON.BET.D09.007813                                       => True: 25 , DINO: 25 , Check?: 0, Merge?: 0
Chlaenius_aestivus-Atray-Y2019-NEON.BET.D02.008064-NEON.BET.D02.008353                                         => True: 59 , DINO: 59 , Check?: 0, Merge?: 0
Amphasia_sericea-Btray-Y2021-NEON.BET.D02.010242-NEON.BET.D02.010283                                           => True: 18 , DINO: 18 , Check?: 0, Merge?: 0
Pterostichus_sp.-Btray-Y2021-NEON.BET.D02.010644-NEON.BET.D02.010924                                           => True: 19 , DINO: 19 , Check?: 0, Merge?: 0
Harpalus_pensylvanicus-Atray-Y2019-NEON.BET.D06.005327-NEON.BET.D06.005897                                     => True: 52 , DINO: 52 , Check?: 0, Merge?: 0
Cyclotrachelus_faber-Btray-Y2018-NEON.BET.D03.001837-NEON.BET.D03.002008                                       => True: 12 , DINO: 12 , Check?: 0, Merge?: 0
Sphaeroderus_stenostomus-Btray-Y2019-NEON.BET.D05.005870-NEON.BET.D05.006598                                   => True: N/A, DINO: 11 , Check?: 0, Merge?: 0
Scaphinotus_angusticollis-Atray-Y2018-NEON.BET.D16.000695-NEON.BET.D16.001106                                  => True: 43 , DINO: 43 , Check?: 0, Merge?: 0
Amara_tenax-Btray-Y2019-NEON.BET.D09.004294-NEON.BET.D09.005565                                                => True: 10 , DINO: 10 , Check?: 0, Merge?: 0
Pasimachus_sublaevis-Atray-Y2018-NEON.BET.D03.001904-NEON.BET.D03.001970                                       => True: 32 , DINO: 32 , Check?: 0, Merge?: 0
Calosoma_calidum-Btray-Y2019-NEON.BET.D12.000689-NEON.BET.D12.001299                                           => True: 15 , DINO: 15 , Check?: 0, Merge?: 0
Scaphinotus_angusticollis-Atray-Y2020-NEON.BET.D16.003184-NEON.BET.D16.003562                                  => True: 20 , DINO: 20 , Check?: 0, Merge?: 0
Chlaenius_aestivus-Atray-Y2021-NEON.BET.D02.011302-NEON.BET.D02.011372                                         => True: 56 , DINO: 56 , Check?: 0, Merge?: 0
Amara_angustatoides-Btray-Y2020-NEON.BET.D09.005807-NEON.BET.D09.006660                                        => True: N/A, DINO: 14 , Check?: 0, Merge?: 0
Synuchus_impunctatus-Atray-Y2021-NEON.BET.D05.008054-NEON.BET.D05.008573                                       => True: 71 , DINO: 71 , Check?: 0, Merge?: 0
Pasimachus_elongatus-Atray-Y2020-NEON.BET.D10.012791-NEON.BET.D10.012879                                       => True: 36 , DINO: 36 , Check?: 0, Merge?: 0
Discoderus_parallelus-Btray-Y2021-NEON.BET.D10.013604-NEON.BET.D10.010276                                      => True: 23 , DINO: 23 , Check?: 0, Merge?: 0
Cicindela_punctulata-Btray-Y2018-NEON.BET.D10.008671-NEON.BET.D10.009075                                       => True: 27 , DINO: 27 , Check?: 0, Merge?: 0
Pterostichus_rostratus-Atray-Y2023-NEON.BET.D01.009582-NEON.BET.D01.009852                                     => True: 49 , DINO: 49 , Check?: 0, Merge?: 0
Calathus_advena-Btray-Y2019-NEON.BET.D13.002093-NEON.BET.D13.002317                                            => True: N/A, DINO: 13 , Check?: 0, Merge?: 0
Amara_conflata-Btray-Y2019-NEON.BET.D17.000932-NEON.BET.D17.001622                                             => True: 21 , DINO: 21 , Check?: 0, Merge?: 0
Scaphinotus_angusticollis-Btray-Y2018-NEON.BET.D16.001883-NEON.BET.D16.001912                                  => True: 11 , DINO: 11 , Check?: 0, Merge?: 0
Pterostichus_herculaneus-Atray-Y2018-NEON.BET.D16.001436-NEON.BET.D16.001798                                   => True: 83 , DINO: 83 , Check?: 0, Merge?: 0
Cyclotrachelus_sodalis-Atray-Y2020-NEON.BET.D06.007362-NEON.BET.D06.007405                                     => True: 44 , DINO: 44 , Check?: 0, Merge?: 0
Pterostichus_rostratus-Atray-Y2021-NEON.BET.D07.008235-NEON.BET.D07.011885                                     => True: 70 , DINO: 70 , Check?: 0, Merge?: 0
Harpalus_herbivagus-Atray-Y2019-NEON.BET.D10.010031-NEON.BET.D10.012169                                        => True: 58 , DINO: 58 , Check?: 0, Merge?: 0
Brachinus_alternans-Atray-Y2015-NEON.BET.D06.000009-NEON.BET.D06.000198                                        => True: 63 , DINO: 63 , Check?: 0, Merge?: 0
Pasimachus_elongatus-Atray-Y2023-NEON.BET.D09.009228-NEON.BET.D09.009625                                       => True: 17 , DINO: 17 , Check?: 0, Merge?: 0
Scarites_subterraneus-Btray-Y2022-NEON.BET.D08.003775-NEON.BET.D08.003937                                      => True: 18 , DINO: 18 , Check?: 0, Merge?: 0
Dicaelus_teter-Btray-Y2021-NEON.BET.D07.009542-NEON.BET.D07.011872                                             => True: 12 , DINO: 12 , Check?: 0, Merge?: 0
Pasimachus_californicus-Atray-Y2022-NEON.BET.D11.002542-NEON.BET.D11.002729                                    => True: 36 , DINO: 36 , Check?: 0, Merge?: 0
Pasimachus_elongatus-Btray-Y2020-NEON.BET.D10.012905-NEON.BET.D10.012950                                       => True: 11 , DINO: 11 , Check?: 0, Merge?: 0
Scarites_vicinus-Atray-Y2020-NEON.BET.D06.006468-NEON.BET.D06.007176                                           => True: 48 , DINO: 48 , Check?: 0, Merge?: 0
Pterostichus_permundus-Btray-Y2018-NEON.BET.D02.005910-NEON.BET.D02.005932                                     => True: 10 , DINO: 10 , Check?: 0, Merge?: 0
Cyclotrachelus_sodalis-Btray-Y2019-NEON.BET.D06.005357-NEON.BET.D06.006012                                     => True: 14 , DINO: 14 , Check?: 0, Merge?: 0
Pterostichus_lachrymosus-Btray-Y2020-NEON.BET.D07.009352-NEON.BET.D07.009373                                   => True: 11 , DINO: 11 , Check?: 0, Merge?: 0
Pasimachus_californicus-Atray-Y2019-NEON.BET.D06.004785-NEON.BET.D06.005014                                    => True: 20 , DINO: 20 , Check?: 0, Merge?: 0
Amara_quenseli-Btray-Y2018-NEON.BET.D13.001549-NEON.BET.D13.001943                                             => True: 20 , DINO: 20 , Check?: 0, Merge?: 0
Pterostichus_tristis-Btray-Y2019-NEON.BET.D01.005058-NEON.BET.D01.005072                                       => True: 13 , DINO: 13 , Check?: 0, Merge?: 0
Pasimachus_elongatus-Atray-Y2018-NEON.BET.D06.003141-NEON.BET.D06.003341                                       => True: 29 , DINO: 29 , Check?: 0, Merge?: 0
Pasimachus_elongatus-Atray-Y2022-NEON.BET.D09.008668-NEON.BET.D09.008941                                       => True: 33 , DINO: 33 , Check?: 0, Merge?: 0
Dicheirus_piceus-Btray-Y2022-NEON.BET.D17.002491-NEON.BET.D17.002731                                           => True: 35 , DINO: 35 , Check?: 0, Merge?: 0
Brachinus_alternans-Atray-Y2023-NEON.BET.D06.009398-NEON.BET.D06.009603                                        => True: 37 , DINO: 37 , Check?: 0, Merge?: 0
Cyclotrachelus_torvus-Btray-Y2014-NEON.BET.D10.001138-NEON.BET.D10.002508                                      => True: 15 , DINO: 15 , Check?: 0, Merge?: 0
Tetracha_virginica-Atray-Y2022-NEON.BET.D06.008237-NEON.BET.D06.009002                                         => True: 21 , DINO: 21 , Check?: 0, Merge?: 0
Pasimachus_californicus-Atray-Y2018-NEON.BET.D11.000137-NEON.BET.D11.001252                                    => True: N/A, DINO: 27 , Check?: 0, Merge?: 0
Pterostichus_lachrymosus-Atray-Y2019-NEON.BET.D07.007950-NEON.BET.D07.008168                                   => True: 34 , DINO: 34 , Check?: 0, Merge?: 0
Carabus_goryi-Atray-Y2019-NEON.BET.D07.007131-NEON.BET.D07.007317                                              => True: 36 , DINO: 36 , Check?: 0, Merge?: 0
Pterostichus_lachrymosus-Atray-Y2019-NEON.BET.D07.005948-NEON.BET.D07.006466                                   => True: 55 , DINO: 55 , Check?: 0, Merge?: 0
Piosoma_setosum-Btray-Y2020-NEON.BET.D10.009884-NEON.BET.D10.013533                                            => True: 12 , DINO: 12 , Check?: 0, Merge?: 0
Piosoma_setosum-Btray-Y2019-NEON.BET.D13.501048-NEON.BET.D13.501190                                            => True: 11 , DINO: 11 , Check?: 0, Merge?: 0
Carabus_taedatus-Btray-Y2022-NEON.BET.D13.003087-NEON.BET.D13.003145                                           => True: 10 , DINO: 10 , Check?: 0, Merge?: 0
Pasimachus_elongatus-Atray-Y2020-NEON.BET.D09.005769-NEON.BET.D09.006414                                       => True: 23 , DINO: 23 , Check?: 0, Merge?: 0
Cicindela_punctulata-Btray-Y2020-NEON.BET.D06.006922-NEON.BET.D06.007218                                       => True: 26 , DINO: 26 , Check?: 0, Merge?: 0
Amara_carinata-Atray-Y2015-NEON.BET.D10.003385-NEON.BET.D10.005007                                             => True: 80 , DINO: 80 , Check?: 0, Merge?: 0
Chlaenius_emarginatus-Btray-Y2018-NEON.BET.D02.006391-NEON.BET.D02.006755                                      => True: 25 , DINO: 25 , Check?: 0, Merge?: 0
Brachinus_alternans-Atray-Y2021-NEON.BET.D06.007410-NEON.BET.D06.007927                                        => True: 48 , DINO: 48 , Check?: 0, Merge?: 0
Pterostichus_coracinus-Btray-Y2022-NEON.BET.D02.12648-NEON.BET.D02.13295                                       => True: 16 , DINO: 16 , Check?: 0, Merge?: 0
Pterostichus_pensylvanicus-Atray-Y2022-NEON.BET.D01.007939-NEON.BET.D01.009021                                 => True: 62 , DINO: 63 , Check?: 0, Merge?: 1
Pterostichus_melanarius-Btray-Y2018-NEON.BET.D09.002884-NEON.BET.D09.003409                                    => True: 30 , DINO: 30 , Check?: 0, Merge?: 0
Pasimachus_punctulatus-Atray-Y2018-NEON.BET.D07.003755-NEON.BET.D07.005194                                     => True: 20 , DINO: 20 , Check?: 0, Merge?: 0
Pasimachus_californicus-Atray-Y2021-NEON.BET.D06.007671-NEON.BET.D06.007892                                    => True: N/A, DINO: 24 , Check?: 0, Merge?: 0
Pasimachus_elongatus-Btray-Y2021-NEON.BET.D09.007068-NEON.BET.D09.007221                                       => True: 13 , DINO: 13 , Check?: 0, Merge?: 0
Pterostichus_restrictus-Atray-Y2018-NEON.BET.D13.001529-NEON.BET.D13.001893                                    => True: 64 , DINO: 64 , Check?: 0, Merge?: 0
Pasimachus_californicus-Atray-Y2020-NEON.BET.D06.006747-NEON.BET.D06.006843                                    => True: N/A, DINO: 28 , Check?: 0, Merge?: 0
Pasimachus_californicus-Atray-Y2022-NEON.BET.D11.003057-NEON.BET.D11.003091                                    => True: 35 , DINO: 35 , Check?: 0, Merge?: 0
Dicaelus_furvus-Atray-Y2017-NEON.BET.D08.001580-NEON.BET.D08.001822                                            => True: 24 , DINO: 24 , Check?: 0, Merge?: 0
Pasimachus_californicus-Atray-Y2019-NEON.BET.D06.005096-NEON.BET.D06.005193                                    => True: 20 , DINO: 20 , Check?: 0, Merge?: 0
Scarites_subterraneus-Btray-Y2018-NEON.BET.D08.002053-NEON.BET.D08.002391                                      => True: 11 , DINO: 11 , Check?: 0, Merge?: 0
Calathus_ingratus-Btray-Y2019-NEON.BET.D01.005341-NEON.BET.D01.005463                                          => True: 16 , DINO: 16 , Check?: 0, Merge?: 0
Anisodactylus_similis-Btray-Y2019-NEON.BET.D17.000928-NEON.BET.D17.001780                                      => True: 25 , DINO: 25 , Check?: 0, Merge?: 0
Cymindis_cribricollis-Atray-Y2022-NEON.BET.D01.008620-NEON.BET.D01.008835                                      => True: 57 , DINO: 57 , Check?: 0, Merge?: 0
Anisodactylus_ovularis-Btray-Y2021-NEON.BET.D02.011852-NEON.BET.D02.011874                                     => True: 23 , DINO: 23 , Check?: 0, Merge?: 0
Cyclotrachelus_torvus-Atray-Y2020-NEON.BET.D09.005947-NEON.BET.D09.006433                                      => True: 23 , DINO: 23 , Check?: 0, Merge?: 0
Chlaenius_tricolor-Btray-Y2021-NEON.BET.D02.010569-NEON.BET.D02.010596                                         => True: 15 , DINO: 15 , Check?: 0, Merge?: 0
Pterostichus_melanarius-Atray-Y2019-NEON.BET.D05.006516-NEON.BET.D05.006551                                    => True: 31 , DINO: 31 , Check?: 0, Merge?: 0
Agonum_cupreum-Btray-Y2018-NEON.BET.D09.002819-NEON.BET.D09.003918                                             => True: 25 , DINO: 25 , Check?: 0, Merge?: 0
Pterostichus_acutipes-Atray-Y2023-NEON.BET.D07.014832-NEON.BET.D07.015156                                      => True: 69 , DINO: 69 , Check?: 0, Merge?: 0
Sphaeroderus_stenostomus-Btray-Y2018-NEON.BET.D02.005440-NEON.BET.D02.005456                                   => True: 13 , DINO: 13 , Check?: 0, Merge?: 0
Pasimachus_elongatus-Atray-Y2022-NEON.BET.D09.008482-NEON.BET.D09.008666                                       => True: 42 , DINO: 42 , Check?: 0, Merge?: 0
Cyclotrachelus_constrictus-Btray-Y2019-NEON.BET.D10.010886-NEON.BET.D10.011871                                 => True: 16 , DINO: 16 , Check?: 0, Merge?: 0
Carabus_goryi-Atray-Y2017-NEON.BET.D07.001996-NEON.BET.D07.002268                                              => True: 48 , DINO: 48 , Check?: 0, Merge?: 0
Pasimachus_elongatus-Atray-Y2015-NEON.BET.D10.003128-NEON.BET.D10.004177                                       => True: 23 , DINO: 23 , Check?: 0, Merge?: 0
Zacotus_matthewsii-Atray-Y2019-NEON.BET.D16.002974-NEON.BET.D16.003052                                         => True: 45 , DINO: 45 , Check?: 0, Merge?: 0
Dicaelus_dilatatus-Btray-Y2022-NEON.BET.D08.003569-NEON.BET.D08.003740                                         => True: 14 , DINO: 14 , Check?: 0, Merge?: 0
Dicaelus_teter-Atray-Y2018-NEON.BET.D07.003249-NEON.BET.D07.005620                                             => True: N/A, DINO: 55 , Check?: 0, Merge?: 0
Omus_californicus-Atray-Y2019-NEON.BET.D17.000942-NEON.BET.D17.001626                                          => True: 42 , DINO: 42 , Check?: 0, Merge?: 0
Pasimachus_sublaevis-Btray-Y2018-NEON.BET.D03.001874-NEON.BET.D03.001945                                       => True: 15 , DINO: 15 , Check?: 0, Merge?: 0
Calosoma_peregrinator-Atray-Y2021-NEON.BET.D14.001664-NEON.BET.D14.001770                                      => True: 25 , DINO: 25 , Check?: 0, Merge?: 0
Pterostichus_melanarius-Btray-Y2020-NEON.BET.D05.007100-NEON.BET.D05.007173                                    => True: 56 , DINO: 56 , Check?: 0, Merge?: 0
Pasimachus_californicus-Atray-Y2019-NEON.BET.D11.001655-NEON.BET.D11.001685                                    => True: 21 , DINO: 21 , Check?: 0, Merge?: 0
Chlaenius_aestivus-Atray-Y2019-NEON.BET.D08.002573-NEON.BET.D08.003000                                         => True: 31 , DINO: 31 , Check?: 0, Merge?: 0
Agonum_cupreum-Btray-Y2017-NEON.BET.D09.002101-NEON.BET.D09.002143                                             => True: 15 , DINO: 15 , Check?: 0, Merge?: 0
Cymindis_cribricollis-Btray-Y2022-NEON.BET.D01.007918-NEON.BET.D01.008887                                      => True: 30 , DINO: 30 , Check?: 0, Merge?: 0
Calosoma_affine-Atray-Y2018-NEON.BET.D06.003953-NEON.BET.D06.004201                                            => True: 34 , DINO: 34 , Check?: 0, Merge?: 0
Carabus_taedatus-Atray-Y2022-NEON.BET.D13.002784-NEON.BET.D13.003085                                           => True: 54 , DINO: 54 , Check?: 0, Merge?: 0
Cyclotrachelus_sigillatus-Atray-Y2018-NEON.BET.D07.004308-NEON.BET.D07.005301                                  => True: 39 , DINO: 39 , Check?: 0, Merge?: 0
Scarites_subterraneus-Atray-Y2019-NEON.BET.D06.005290-NEON.BET.D06.005732                                      => True: 48 , DINO: 48 , Check?: 0, Merge?: 0
Harpalus_spadiceus-Btray-Y2019-NEON.BET.D07.005830-NEON.BET.D07.007695                                         => True: 11 , DINO: 11 , Check?: 0, Merge?: 0
Pterostichus_protractus-Atray-Y2022-NEON.BET.D10.015554-NEON.BET.D10.015938                                    => True: 63 , DINO: 63 , Check?: 0, Merge?: 0
Synuchus_impunctatus-Atray-Y2022-NEON.BET.D05.009040-NEON.BET.D05.009204                                       => True: 68 , DINO: 68 , Check?: 0, Merge?: 0
Agonum_retractum-Btray-Y2019-NEON.BET.D01.004742-NEON.BET.D01.005728                                           => True: 12 , DINO: 12 , Check?: 0, Merge?: 0
Carabus_goryi-Atray-Y2019-NEON.BET.D01.004416-NEON.BET.D01.004582                                              => True: 29 , DINO: 29 , Check?: 0, Merge?: 0
Pasimachus_elongatus-Atray-Y2022-NEON.BET.D10.016502-NEON.BET.D10.016662                                       => True: 32 , DINO: 32 , Check?: 0, Merge?: 0
Pterostichus_novus-Btray-Y2022-NEON.BET.D05.008978-NEON.BET.D05.008987                                         => True: 10 , DINO: 10 , Check?: 0, Merge?: 0
Harpalus_opacipennis-Atray-Y2022-NEON.BET.D09.008191-NEON.BET.D09.008969                                       => True: 58 , DINO: 58 , Check?: 0, Merge?: 0
Cymindis_neglecta-Btray-Y2022-NEON.BET.D01.008892-NEON.BET.D01.008916                                          => True: 17 , DINO: 17 , Check?: 0, Merge?: 0
Synuchus_impunctatus-Atray-Y2018-NEON.BET.D01.003654-NEON.BET.D01.004064                                       => True: 76 , DINO: 76 , Check?: 0, Merge?: 0
Harpalus_indigens-Btray-Y2017-NEON.BET.D09.002537-NEON.BET.D09.002550                                          => True: 13 , DINO: 13 , Check?: 0, Merge?: 0
Pasimachus_californicus-Atray-Y2018-NEON.BET.D11.001115-NEON.BET.D11.001143                                    => True: 14 , DINO: 14 , Check?: 0, Merge?: 0
Anisodactylus_haplomus-Btray-Y2021-NEON.BET.D08.003189-NEON.BET.D08.003549                                     => True: 14 , DINO: 14 , Check?: 0, Merge?: 0
Harpalus_amputatus-Btray-Y2015-NEON.BET.D10.003125-NEON.BET.D10.004543                                         => True: 30 , DINO: 30 , Check?: 0, Merge?: 0
Pterostichus_protractus-Atray-Y2021-NEON.BET.D10.013550-NEON.BET.D10.015011                                    => True: 56 , DINO: 56 , Check?: 0, Merge?: 0
Cylindera_unipunctata-Atray-Y2021-NEON.BET.D07.009889-NEON.BET.D07.011795                                      => True: 42 , DINO: 42 , Check?: 0, Merge?: 0
Carabus_goryi-Atray-Y2018-NEON.BET.D07.003529-NEON.BET.D07.003750                                              => True: 51 , DINO: 51 , Check?: 0, Merge?: 0
Pasimachus_punctulatus-Atray-Y2017-NEON.BET.D07.002375-NEON.BET.D07.002667                                     => True: 18 , DINO: 18 , Check?: 0, Merge?: 0
Sphaeroderus_stenostomus-Atray-Y2019-NEON.BET.D07.005671-NEON.BET.D07.006407                                   => True: 60 , DINO: 60 , Check?: 0, Merge?: 0
Carabus_truncaticollis-Atray-Y2019-NEON.BET.D18.001222-NEON.BET.D18.001313                                     => True: 63 , DINO: 63 , Check?: 0, Merge?: 0
Pterostichus_trinarius-Btray-Y2019-NEON.BET.D02.007597-NEON.BET.D02.007631                                     => True: 27 , DINO: 27 , Check?: 0, Merge?: 0
Pterostichus_ordinarius-Btray-Y2018-NEON.BET.D17.000770-NEON.BET.D17.000837                                    => True: 4  , DINO: 4  , Check?: 0, Merge?: 0
Pterostichus_lama-Btray-Y2022-NEON.BET.D17.002378-NEON.BET.D17.002784                                          => True: 21 , DINO: 21 , Check?: 0, Merge?: 0
Pterostichus_novus-Atray-Y2018-NEON.BET.D05.004948-NEON.BET.D05.005059                                         => True: 49 , DINO: 49 , Check?: 0, Merge?: 0
Pterostichus_restrictus-Atray-Y2018-NEON.BET.D10.008220-NEON.BET.D10.009556                                    => True: 33 , DINO: 33 , Check?: 0, Merge?: 0
Chlaenius_aestivus-Atray-Y2022-NEON.BET.D08.003692-NEON.BET.D08.003884                                         => True: 39 , DINO: 39 , Check?: 0, Merge?: 0
Zacotus_matthewsii-Atray-Y2018-NEON.BET.D16.000731-NEON.BET.D16.001918                                         => True: 32 , DINO: 33 , Check?: 0, Merge?: 1
Pasimachus_californicus-Atray-Y2015-NEON.BET.D11.000444-NEON.BET.D11.000488                                    => True: N/A, DINO: 25 , Check?: 0, Merge?: 0
Harpalus_herbivagus-Btray-Y2020-NEON.BET.D10.002391-NEON.BET.D10.013383                                        => True: 21 , DINO: 21 , Check?: 0, Merge?: 0
Pterostichus_panticulatus-Btray-Y2019-NEON.BET.D17.001829-NEON.BET.D17.001839                                  => True: 6  , DINO: 6  , Check?: 0, Merge?: 0
Brachinus_alternans-Btray-Y2020-NEON.BET.D06.006137-NEON.BET.D06.006674                                        => True: 28 , DINO: 28 , Check?: 0, Merge?: 0
Pterostichus_rostratus-Btray-Y2022-NEON.BET.D01.008399-NEON.BET.D01.008417                                     => True: 16 , DINO: 16 , Check?: 0, Merge?: 0
Pasimachus_californicus-Atray-Y2019-NEON.BET.D06.005018-NEON.BET.D06.005314                                    => True: 18 , DINO: 18 , Check?: 0, Merge?: 0
Cyclotrachelus_torvus-Atray-Y2019-NEON.BET.D09.005025-NEON.BET.D09.005198                                      => True: 52 , DINO: 52 , Check?: 0, Merge?: 0
Pterostichus_pensylvanicus-Btray-Y2021-NEON.BET.D01.006475-NEON.BET.D01.007673                                 => True: 24 , DINO: 24 , Check?: 0, Merge?: 0
Harpalus_pensylvanicus-Btray-Y2018-NEON.BET.D07.003895-NEON.BET.D07.005389                                     => True: 19 , DINO: 19 , Check?: 0, Merge?: 0
Calathus_ingratus-Btray-Y2018-NEON.BET.D19.000444-NEON.BET.D19.000569                                          => True: 25 , DINO: 25 , Check?: 0, Merge?: 0
Carabus_goryi-Atray-Y2018-NEON.BET.D07.004542-NEON.BET.D07.004782                                              => True: 52 , DINO: 52 , Check?: 0, Merge?: 0
Pasimachus_elongatus-Atray-Y2014-NEON.BET.D10.001846-NEON.BET.D10.002377                                       => True: 37 , DINO: 37 , Check?: 0, Merge?: 0
Amara_alpina-Btray-Y2019-NEON.BET.D18.001253-NEON.BET.D18.001720                                               => True: 9  , DINO: 10 , Check?: 0, Merge?: 1
Pterostichus_ordinarius-Atray-Y2019-NEON.BET.D17.000846-NEON.BET.D17.001808                                    => True: 23 , DINO: 23 , Check?: 0, Merge?: 0
Carabus_truncaticollis-Atray-Y2019-NEON.BET.D18.001401-NEON.BET.D18.001453                                     => True: 42 , DINO: 42 , Check?: 0, Merge?: 0
Calosoma_frigidum-Btray-Y2022-NEON.BET.D07.012467-NEON.BET.D07.013463                                          => True: 15 , DINO: 15 , Check?: 0, Merge?: 0
Pterostichus_mutus-Atray-Y2018-NEON.BET.D05.003940-NEON.BET.D05.004787                                         => True: 63 , DINO: 63 , Check?: 0, Merge?: 0
Pterostichus_protractus-Atray-Y2020-NEON.BET.D10.011916-NEON.BET.D10.012472                                    => True: N/A, DINO: 49 , Check?: 0, Merge?: 0
Pasimachus_californicus-Atray-Y2015-NEON.BET.D06.000663-NEON.BET.D06.000773                                    => True: 27 , DINO: 27 , Check?: 0, Merge?: 0
Cymindis_cribricollis-Atray-Y2020-NEON.BET.D01.006077-NEON.BET.D01.006174                                      => True: 70 , DINO: 70 , Check?: 0, Merge?: 0
Cyclotrachelus_freitagi-Btray-Y2018-NEON.BET.D07.003711-NEON.BET.D07.005440                                    => True: 29 , DINO: 29 , Check?: 0, Merge?: 0
Pterostichus_herculaneus-Atray-Y2018-NEON.BET.D16.001687-NEON.BET.D16.001798                                   => True: 34 , DINO: 34 , Check?: 0, Merge?: 0
Pterostichus_pumilus-Atray-Y2018-NEON.BET.D16.000680-NEON.BET.D16.001319                                       => True: 71 , DINO: 71 , Check?: 0, Merge?: 0
Pterostichus_ordinarius-Atray-Y2021-NEON.BET.D17.001872-NEON.BET.D17.002077                                    => True: 28 , DINO: 28 , Check?: 0, Merge?: 0
Scaphinotus_angusticollis-Atray-Y2019-NEON.BET.D16.002658-NEON.BET.D16.003018                                  => True: 28 , DINO: 28 , Check?: 0, Merge?: 0
Cyclotrachelus_alternans-Btray-Y2018-NEON.BET.D06.003245-NEON.BET.D06.003656                                   => True: 13 , DINO: 13 , Check?: 0, Merge?: 0
Cyclotrachelus_sigillatus-Btray-Y2020-NEON.BET.D02.009367-NEON.BET.D02.009659                                  => True: 26 , DINO: 26 , Check?: 0, Merge?: 0
Carabus_truncaticollis-Btray-Y2020-NEON.BET.D18.002204-NEON.BET.D18.002283                                     => True: N/A, DINO: 29 , Check?: 0, Merge?: 0
Cyclotrachelus_furtivus-Atray-Y2018-NEON.BET.D02.006080-NEON.BET.D02.006142                                    => True: 56 , DINO: 56 , Check?: 0, Merge?: 0
Cyclotrachelus_sodalis-Btray-Y2014-NEON.BET.D07.000261-NEON.BET.D07.000270                                     => True: 10 , DINO: 10 , Check?: 0, Merge?: 0
Sphaeroderus_stenostomus-Atray-Y2021-NEON.BET.D07.008214-NEON.BET.D07.010407                                   => True: 58 , DINO: 58 , Check?: 0, Merge?: 0
Poecilus_chalcites-Btray-Y2019-NEON.BET.D02.008982-NEON.BET.D02.009028                                         => True: 33 , DINO: 33 , Check?: 0, Merge?: 0
Cyclotrachelus_torvus-Btray-Y2022-NEON.BET.D09.008534-NEON.BET.D09.008950                                      => True: 22 , DINO: 22 , Check?: 0, Merge?: 0
Scarites_vicinus-Atray-Y2019-NEON.BET.D06.005584-NEON.BET.D06.006014                                           => True: 48 , DINO: 48 , Check?: 0, Merge?: 0
Amara_angustatoides-Btray-Y2020-NEON.BET.D09.005713-NEON.BET.D09.006607                                        => True: N/A, DINO: 10 , Check?: 0, Merge?: 0
Poecilus_lucublandus-Btray-Y2017-NEON.BET.D09.002591-NEON.BET.D09.002628                                       => True: 15 , DINO: 15 , Check?: 0, Merge?: 0
Calosoma_frigidum-Btray-Y2021-NEON.BET.D05.008070-NEON.BET.D05.008078                                          => True: 9  , DINO: 9  , Check?: 0, Merge?: 0
Carabus_goryi-Atray-Y2019-NEON.BET.D01.004468-NEON.BET.D01.004500                                              => True: 30 , DINO: 30 , Check?: 0, Merge?: 0
Pasimachus_californicus-Atray-Y2022-NEON.BET.D11.003128-NEON.BET.D11.003161                                    => True: 34 , DINO: 34 , Check?: 0, Merge?: 0
Carabus_goryi-Atray-Y2019-NEON.BET.D01.004542-NEON.BET.D01.004581                                              => True: 27 , DINO: 27 , Check?: 0, Merge?: 0
Anisodactylus_similis-Btray-Y2022-NEON.BET.D17.002545-NEON.BET.D17.002733                                      => True: 25 , DINO: 25 , Check?: 0, Merge?: 0
Cyclotrachelus_sigillatus-Btray-Y2019-NEON.BET.D03.002167-NEON.BET.D03.002181                                  => True: 15 , DINO: 15 , Check?: 0, Merge?: 0
Agonum_limbatum-Btray-Y2019-NEON.BET.D17.000860-NEON.BET.D17.001574                                            => True: 8  , DINO: 8  , Check?: 0, Merge?: 0
Cymindis_neglecta-Atray-Y2019-NEON.BET.D01.005729-NEON.BET.D01.005798                                          => True: 65 , DINO: 65 , Check?: 0, Merge?: 0
Cyclotrachelus_sodalis-Btray-Y2022-NEON.BET.D07.012309-NEON.BET.D07.014040                                     => True: 19 , DINO: 19 , Check?: 0, Merge?: 0
Pterostichus_pensylvanicus-Btray-Y2018-NEON.BET.D05.003964-NEON.BET.D05.003990                                 => True: 27 , DINO: 27 , Check?: 0, Merge?: 0
Poecilus_scitulus-Btray-Y2014-NEON.BET.D10.001148-NEON.BET.D10.002545                                          => True: 15 , DINO: 15 , Check?: 0, Merge?: 0
Dicaelus_teter-Atray-Y2019-NEON.BET.D07.005826-NEON.BET.D07.006676                                             => True: 45 , DINO: 45 , Check?: 0, Merge?: 0
Carabus_goryi-Atray-Y2019-NEON.BET.D07.005693-NEON.BET.D07.006072                                              => True: 39 , DINO: 39 , Check?: 0, Merge?: 0
Sphaeroderus_stenostomus-Atray-Y2018-NEON.BET.D07.004382-NEON.BET.D07.005526                                   => True: 61 , DINO: 61 , Check?: 0, Merge?: 0
Pterostichus_panticulatus-Btray-Y2020-NEON.BET.D17.001844-NEON.BET.D17.001892                                  => True: 7  , DINO: 7  , Check?: 0, Merge?: 0
Pasimachus_elongatus-Atray-Y2019-NEON.BET.D10.010742-NEON.BET.D10.010913                                       => True: 30 , DINO: 30 , Check?: 0, Merge?: 0
Pterostichus_herculaneus-Atray-Y2018-NEON.BET.D16.001227-NEON.BET.D16.001910                                   => True: 54 , DINO: 54 , Check?: 0, Merge?: 0
Cymindis_cribricollis-Atray-Y2018-NEON.BET.D12.000019-NEON.BET.D12.000493                                      => True: 63 , DINO: 63 , Check?: 0, Merge?: 0
Pterostichus_(Abacidus)-Atray-Y2022-NEON.BET.D02.011904-NEON.BET.D02.12256                                     => True: N/A, DINO: 40 , Check?: 0, Merge?: 0
Harpalus_providens-Btray-Y2019-NEON.BET.D05.005760-NEON.BET.D05.006080                                         => True: 11 , DINO: 11 , Check?: 0, Merge?: 0
Omus_dejeanii-Atray-Y2019-NEON.BET.D16.002116-NEON.BET.D16.002155                                              => True: 35 , DINO: 35 , Check?: 0, Merge?: 0
Pasimachus_elongatus-Atray-Y2019-NEON.BET.D06.004603-NEON.BET.D06.004840                                       => True: 30 , DINO: 30 , Check?: 0, Merge?: 0
Harpalus_desertus-Btray-Y2021-NEON.BET.D10.014990-NEON.BET.D10.015414                                          => True: 20 , DINO: 20 , Check?: 0, Merge?: 0
Pasimachus_californicus-Atray-Y2018-NEON.BET.D06.003144-NEON.BET.D06.003237                                    => True: 24 , DINO: 24 , Check?: 0, Merge?: 0
Cymindis_neglecta-Btray-Y2022-NEON.BET.D01.007914-NEON.BET.D01.008917                                          => True: 26 , DINO: 26 , Check?: 0, Merge?: 0
Synuchus_impunctatus-Atray-Y2019-NEON.BET.D01.004626-NEON.BET.D01.005684                                       => True: 63 , DINO: 63 , Check?: 0, Merge?: 0
Harpalus_opacipennis-Btray-Y2018-NEON.BET.D09.003609-NEON.BET.D09.004137                                       => True: 29 , DINO: 29 , Check?: 0, Merge?: 0
Pasimachus_elongatus-Atray-Y2020-NEON.BET.D06.006564-NEON.BET.D06.006944                                       => True: 41 , DINO: 41 , Check?: 0, Merge?: 0
Pterostichus_melanarius-Atray-Y2019-NEON.BET.D05.005534-NEON.BET.D05.005588                                    => True: 48 , DINO: 48 , Check?: 0, Merge?: 0
Pterostichus_lama-Atray-Y2019-NEON.BET.D16.002919-NEON.BET.D16.003124                                          => True: 29 , DINO: 29 , Check?: 0, Merge?: 0
Piosoma_setosum-Atray-Y2021-NEON.BET.D10.013465-NEON.BET.D10.014828                                            => True: 60 , DINO: 60 , Check?: 0, Merge?: 0
Pterostichus_permundus-Btray-Y2019-NEON.BET.D02.007373-NEON.BET.D02.007384                                     => True: 10 , DINO: 10 , Check?: 0, Merge?: 0
Dicaelus_sculptilis-Btray-Y2018-NEON.BET.D06.002908-NEON.BET.D06.003074                                        => True: 19 , DINO: 19 , Check?: 0, Merge?: 0
Cymindis_planipennis-Atray-Y2021-NEON.BET.D10.013574-NEON.BET.D10.014896                                       => True: 61 , DINO: 61 , Check?: 0, Merge?: 0
Cyclotrachelus_fucatus-Btray-Y2020-NEON.BET.D07.008989-NEON.BET.D07.009464                                     => True: 12 , DINO: 12 , Check?: 0, Merge?: 0
Pasimachus_elongatus-Atray-Y2022-NEON.BET.D10.014635-NEON.BET.D10.016396                                       => True: 29 , DINO: 29 , Check?: 0, Merge?: 0
Cymindis_cribricollis-Btray-Y2017-NEON.BET.D09.002217-NEON.BET.D09.002528                                      => True: 18 , DINO: 18 , Check?: 0, Merge?: 0
Dicaelus_dilatatus-Atray-Y2022-NEON.BET.D07.012012-NEON.BET.D07.013690                                         => True: 34 , DINO: 34 , Check?: 0, Merge?: 0
Omus_dejeanii-Atray-Y2018-NEON.BET.D16.001034-NEON.BET.D16.001471                                              => True: N/A, DINO: 30 , Check?: 0, Merge?: 0
Pasimachus_californicus-Atray-Y2019-NEON.BET.D11.001614-NEON.BET.D11.001683                                    => True: 30 , DINO: 30 , Check?: 0, Merge?: 0
Calosoma_affine-Btray-Y2022-NEON.BET.D06.008079-NEON.BET.D06.008836                                            => True: 20 , DINO: 20 , Check?: 0, Merge?: 0
Pasimachus_punctulatus-Atray-Y2018-NEON.BET.D07.003257-NEON.BET.D07.005603                                     => True: 20 , DINO: 20 , Check?: 0, Merge?: 0
Carabus_vinctus-Btray-Y2019-NEON.BET.D02.008457-NEON.BET.D02.008488                                            => True: 23 , DINO: 23 , Check?: 0, Merge?: 0
Agonum_punctiforme-Atray-Y2019-NEON.BET.D08.002565-NEON.BET.D08.003007                                         => True: 26 , DINO: 26 , Check?: 0, Merge?: 0
Pterostichus_novus-Atray-Y2019-NEON.BET.D05.005303-NEON.BET.D05.005356                                         => True: 48 , DINO: 48 , Check?: 0, Merge?: 0
Cyclotrachelus_sodalis-Atray-Y2018-NEON.BET.D06.002986-NEON.BET.D06.004081                                     => True: 34 , DINO: 34 , Check?: 0, Merge?: 0
Pterostichus_pensylvanicus-Atray-Y2019-NEON.BET.D01.004604-NEON.BET.D01.005597                                 => True: 49 , DINO: 49 , Check?: 0, Merge?: 0
Pasimachus_elongatus-Atray-Y2018-NEON.BET.D06.003697-NEON.BET.D06.004178                                       => True: 26 , DINO: 26 , Check?: 0, Merge?: 0
Pasimachus_californicus-Atray-Y2018-NEON.BET.D11.001221-NEON.BET.D11.001248                                    => True: 27 , DINO: 27 , Check?: 0, Merge?: 0
Pterostichus_tristis-Btray-Y2022-NEON.BET.D01.009023-NEON.BET.D01.009052                                       => True: 25 , DINO: 25 , Check?: 0, Merge?: 0
Cymindis_neglecta-Atray-Y2021-NEON.BET.D01.007715-NEON.BET.D01.007798                                          => True: 64 , DINO: 64 , Check?: 0, Merge?: 0
Scaphinotus_marginatus-Btray-Y2018-NEON.BET.D16.001058-NEON.BET.D16.001896                                     => True: 11 , DINO: 11 , Check?: 0, Merge?: 0
Pasimachus_californicus-Atray-Y2022-NEON.BET.D11.003092-NEON.BET.D11.003127                                    => True: 36 , DINO: 36 , Check?: 0, Merge?: 0
Cyclotrachelus_freitagi-Btray-Y2019-NEON.BET.D07.006796-NEON.BET.D07.007791                                    => True: 26 , DINO: 26 , Check?: 0, Merge?: 0
Carabus_taedatus-Atray-Y2021-NEON.BET.D13.002539-NEON.BET.D13.002714                                           => True: N/A, DINO: 14 , Check?: 0, Merge?: 0
Cicindela_punctulata-Atray-Y2019-NEON.BET.D13.501089-NEON.BET.D13.501177                                       => True: N/A, DINO: 63 , Check?: 0, Merge?: 0
Anisodactylus_merula-Btray-Y2018-NEON.BET.D08.001930-NEON.BET.D08.002421                                       => True: 16 , DINO: 16 , Check?: 0, Merge?: 0
Pasimachus_californicus-Atray-Y2015-NEON.BET.D11.000003-NEON.BET.D11.000232                                    => True: N/A, DINO: 25 , Check?: 0, Merge?: 0
Chlaenius_tomentosus-Btray-Y2019-NEON.BET.D09.004381-NEON.BET.D09.005427                                       => True: 14 , DINO: 14 , Check?: 0, Merge?: 0
Brachinus_cyanochroaticus-Btray-Y2018-NEON.BET.D09.002854-NEON.BET.D09.003215                                  => True: 29 , DINO: 29 , Check?: 0, Merge?: 0
Pasimachus_elongatus-Atray-Y2019-NEON.BET.D10.010264-NEON.BET.D10.011803                                       => True: 16 , DINO: 16 , Check?: 0, Merge?: 0
Platynus_decentis-Atray-Y2019-NEON.BET.D05.005779-NEON.BET.D05.006426                                          => True: 33 , DINO: 33 , Check?: 0, Merge?: 0
Synuchus_impunctatus-Atray-Y2023-NEON.BET.D05.009323-NEON.BET.D05.009608                                       => True: 74 , DINO: 75 , Check?: 0, Merge?: 1
Carabus_taedatus-Atray-Y2019-NEON.BET.D12.001052-NEON.BET.D12.001332                                           => True: 41 , DINO: 41 , Check?: 0, Merge?: 0
Harpalus_opacipennis-Btray-Y2018-NEON.BET.D09.002653-NEON.BET.D09.003590                                       => True: 44 , DINO: 44 , Check?: 0, Merge?: 0
Cymindis_cribricollis-Btray-Y2021-NEON.BET.D01.006556-NEON.BET.D01.007062                                      => True: 22 , DINO: 22 , Check?: 0, Merge?: 0
Harpalus_pensylvanicus-Atray-Y2018-NEON.BET.D10.007113-NEON.BET.D10.009388                                     => True: 59 , DINO: 59 , Check?: 0, Merge?: 0
Pterostichus_rostratus-Atray-Y2021-NEON.BET.D01.006539-NEON.BET.D01.006950                                     => True: 37 , DINO: 37 , Check?: 0, Merge?: 0
Scarites_vicinus-Btray-Y2019-NEON.BET.D06.004233-NEON.BET.D06.006016                                           => True: 16 , DINO: 16 , Check?: 0, Merge?: 0
Pterostichus_lachrymosus-Btray-Y2021-NEON.BET.D01.007079-NEON.BET.D01.007159                                   => True: 20 , DINO: 20 , Check?: 0, Merge?: 0
Pasimachus_californicus-Atray-Y2020-NEON.BET.D06.006496-NEON.BET.D06.006599                                    => True: 30 , DINO: 30 , Check?: 0, Merge?: 0
Amara_alpina-Btray-Y2018-NEON.BET.D13.001531-NEON.BET.D13.001891                                               => True: 19 , DINO: 19 , Check?: 0, Merge?: 0
Pterostichus_rostratus-Btray-Y2022-NEON.BET.D01.007969-NEON.BET.D01.009020                                     => True: 29 , DINO: 29 , Check?: 0, Merge?: 0
Chlaenius_emarginatus-Btray-Y2020-NEON.BET.D02.009333-NEON.BET.D02.009725                                      => True: 19 , DINO: 19 , Check?: 0, Merge?: 0
Pasimachus_punctulatus-Atray-Y2020-NEON.BET.D07.009016-NEON.BET.D07.009490                                     => True: N/A, DINO: 13 , Check?: 0, Merge?: 0
Pterostichus_pensylvanicus-Btray-Y2019-NEON.BET.D02.007597-NEON.BET.D02.007631                                 => True: N/A, DINO: 27 , Check?: 0, Merge?: 0
Pterostichus_ordinarius-Atray-Y2022-NEON.BET.D17.002361-NEON.BET.D17.002701                                    => True: N/A, DINO: 55 , Check?: 0, Merge?: 0
Pterostichus_pensylvanicus-Btray-Y2022-NEON.BET.D01.008373-NEON.BET.D01.007968                                 => True: N/A, DINO: 31 , Check?: 0, Merge?: 0
Pterostichus_restrictus-Atray-Y2019-NEON.BET.D13.002037-NEON.BET.D13.002344                                    => True: N/A, DINO: 61 , Check?: 0, Merge?: 0
Pterostichus_panticulatus-Atray-Y2022-NEON.BET.D17.002363-NEON.BET.D17.002716                                  => True: N/A, DINO: 37 , Check?: 0, Merge?: 0
Pterostichus_coracinus-Atray-Y2020-NEON.BET.D05.006979-NEON.BET.D05.007043                                     => True: N/A, DINO: 56 , Check?: 0, Merge?: 0
Amara_aenea-Btray-Y2019-NEON.BET.D17.000875-NEON.BET.D17.001110                                                => True: 13 , DINO: 13 , Check?: 0, Merge?: 0
Amara_quenseli-Btray-Y2018-NEON.BET.D10.001548-NEON.BET.D10.008099                                             => True: 27 , DINO: 27 , Check?: 0, Merge?: 0
Pterostichus_panticulatus-Btray-Y2021-NEON.BET.D17.001829-NEON.BET.D17.001889                                  => True: N/A, DINO: 20 , Check?: 0, Merge?: 0
Amara_quenseli-Atray-Y2018-NEON.BET.D15.000462-NEON.BET.D15.000510                                             => True: N/A, DINO: 43 , Check?: 0, Merge?: 0
Amara_confusa-Btray-Y2019-NEON.BET.D10.013845-NEON.BET.D10.014317                                              => True: N/A, DINO: 21 , Check?: 0, Merge?: 0
Carabus_taedatus-Atray-Y2021-NEON.BET.D13.013561-NEON.BET.D13.002714                                           => True: N/A, DINO: 27 , Check?: 0, Merge?: 0
Myas_coracinus-Atray-Y2021-NEON.BET.D07.008231-NEON.BET.D07.011928                                             => True: N/A, DINO: 71 , Check?: 0, Merge?: 0
Pterostichus_coracinus-Atray-Y2020-NEON.BET.D05.007045-NEON.BET.D05.007092                                     => True: N/A, DINO: 40 , Check?: 0, Merge?: 0
Chlaenius_erythropus-Btray-Y2017-NEON.BET.D08.001817-NEON.BET.D08.001905                                       => True: N/A, DINO: 11 , Check?: 0, Merge?: 0
Cymindis_planipennis-Atray-Y2021-NEON.BET.D01.007715-NEON.BET.D01.007798                                       => True: N/A, DINO: 64 , Check?: 0, Merge?: 0
Pterostichus_ordinarius-Btray-Y2020-NEON.BET.D17.001813-NEON.BET.D17.001884                                    => True: N/A, DINO: 12 , Check?: 0, Merge?: 0
Pterostichus_ordinarius-Btray-Y2021-NEON.BET.D17.001812-NEON.BET.D17.001859                                    => True: N/A, DINO: 9  , Check?: 0, Merge?: 0
Myas_coracinus-Atray-Y2019-NEON.BET.D05.006133-NEON.BET.D05.006459                                             => True: N/A, DINO: 44 , Check?: 0, Merge?: 0
Amara_crassipina-Atray-Y2022-NEON.BET.D11.002426-NEON.BET.D11.002954                                           => True: N/A, DINO: 33 , Check?: 0, Merge?: 0
Amara_carinata-Atray-Y2015-NEON.BET.D10.000968-NEON.BET.D10.004104                                             => True: 76 , DINO: 76 , Check?: 0, Merge?: 0
Galerita_bicolor-Btray-Y2020-NEON.BET.D07.006048-NEON.BET.D07.008153                                           => True: N/A, DINO: 11 , Check?: 0, Merge?: 0
Carabus_taedatus-Atray-Y2020-NEON.BET.D13.002357-NEON.BET.D13.002523                                           => True: N/A, DINO: 34 , Check?: 0, Merge?: 0
Amara_tenax-Btray-Y2018-NEON.BET.D09.003024-NEON.BET.D09.003341                                                => True: N/A, DINO: 23 , Check?: 0, Merge?: 0
Pterostichus_(Abacidus)-Btray-Y2021-NEON.BET.D02.010644-NEON.BET.D02.010924                                    => True: N/A, DINO: 19 , Check?: 0, Merge?: 0
Amara_farcta-Btray-Y2022-NEON.BET.D10.014636-NEON.BET.D10.016147                                               => True: N/A, DINO: 19 , Check?: 0, Merge?: 0
Pterostichus_(Hypherpes)-Btray-Y2018-NEON.BET.D17.000313-NEON.BET.D17.000926                                   => True: N/A, DINO: 15 , Check?: 0, Merge?: 0
Pterostichus_ordinarius-Atray-Y2018-NEON.BET.D17.000770-NEON.BET.D17.001612                                    => True: N/A, DINO: 42 , Check?: 0, Merge?: 0
Anisodactylus_carbonarius-Btray-Y2018-NEON.BET.D10.008332-NEON.BET.D10.008913                                  => True: N/A, DINO: 23 , Check?: 0, Merge?: 0
Myas_coracinus-Atray-Y2019-NEON.BET.D05.005302-NEON.BET.D05.006132                                             => True: N/A, DINO: 48 , Check?: 0, Merge?: 0
Pterostichus_(Abacidus)-Atray-Y2021-NEON.BET.D02.011765-NEON.BET.D02.011840                                    => True: N/A, DINO: 60 , Check?: 0, Merge?: 0
Dicaelus_purpuratus-Btray-Y2018-NEON.BET.D07.003252-NEON.BET.D07.005605                                        => True: N/A, DINO: 18 , Check?: 0, Merge?: 0
Pterostichus_permundus-Btray-Y2020-NEON.BET.D02.009530-NEON.BET.D02.009580                                     => True: 18 , DINO: 18 , Check?: 0, Merge?: 0
Anisodactylus_carbonarius-Btray-Y2019-NEON.BET.D10.010020-NEON.BET.D10.012132                                  => True: N/A, DINO: 14 , Check?: 0, Merge?: 0

Detection statistics saved to: /fs/ess/PAS2136/CarabidImaging-sample-output/TestOutputABTraysCompleted/grouding-dino-detection-stats.csv
Detection complete!
